brand,bucket,outlets,via,subcategory
Din Tai Fung,East Asian (KR/JP/CN/TW),18,curated,Restaurant
LiHO,East Asian (KR/JP/CN/TW),18,curated,Cafe & Dessert Bar
CHICHA San Chen,East Asian (KR/JP/CN/TW),17,curated,Cafe & Dessert Bar
KOI Thé,East Asian (KR/JP/CN/TW),17,curated,Cafe & Dessert Bar
Luckin Coffee,East Asian (KR/JP/CN/TW),17,curated,Cafe & Dessert Bar
SUKIYA,East Asian (KR/JP/CN/TW),17,curated,Fast Food
Tori-Q,East Asian (KR/JP/CN/TW),17,curated,Fast Food
Chateraise,East Asian (KR/JP/CN/TW),16,curated,Bakery & Confectionery
Paris Baguette,East Asian (KR/JP/CN/TW),16,curated,Bakery & Confectionery
CHAGEE,East Asian (KR/JP/CN/TW),15,curated,Cafe & Dessert Bar
PlayMade,East Asian (KR/JP/CN/TW),15,curated,Cafe & Dessert Bar
Genki Sushi,East Asian (KR/JP/CN/TW),12,curated,Restaurant
Nine Fresh,East Asian (KR/JP/CN/TW),12,curated,Food Kiosk & Light Bites
MOS Burger,East Asian (KR/JP/CN/TW),11,curated,Breakfast
Sushi Express,East Asian (KR/JP/CN/TW),11,curated,Restaurant
Xiang Xiang Hunan Cuisine,East Asian (KR/JP/CN/TW),11,curated,Restaurant
Gong Yuan Ma La Tang,East Asian (KR/JP/CN/TW),10,curated,Restaurant
Sushi Tei,East Asian (KR/JP/CN/TW),10,curated,Restaurant
Sushiro,East Asian (KR/JP/CN/TW),10,curated,Restaurant
Gochi-So Shokudo,East Asian (KR/JP/CN/TW),9,curated,Restaurant
Haidilao Hot Pot,East Asian (KR/JP/CN/TW),9,curated,Restaurant
KOI THE,East Asian (KR/JP/CN/TW),9,curated,Cafe & Dessert Bar
PUTIEN,East Asian (KR/JP/CN/TW),9,curated,Restaurant
Shihlin Taiwan Street Snacks,East Asian (KR/JP/CN/TW),9,curated,Fast Food
Super Sushi,East Asian (KR/JP/CN/TW),9,curated,
Ichiban Boshi,East Asian (KR/JP/CN/TW),8,curated,
Mister Donut,East Asian (KR/JP/CN/TW),8,curated,Bakery & Confectionery
Monster Curry,East Asian (KR/JP/CN/TW),8,curated,Restaurant
Crystal Jade Hong Kong Kitchen,East Asian (KR/JP/CN/TW),7,curated,Restaurants
IPPUDO,East Asian (KR/JP/CN/TW),7,curated,Restaurant
Kuriya Japanese Market,East Asian (KR/JP/CN/TW),7,curated,
MIXUE,East Asian (KR/JP/CN/TW),7,curated,Cafes & Desserts
Maki-San,East Asian (KR/JP/CN/TW),7,curated,Food Kiosk & Light Bites
Tai Cheong Bakery,East Asian (KR/JP/CN/TW),7,curated,Food Kiosk & Light Bites
Tim Ho Wan,East Asian (KR/JP/CN/TW),7,curated,Restaurant
Yakiniku Like,East Asian (KR/JP/CN/TW),7,curated,Restaurant
Yakiniku Shokudo,East Asian (KR/JP/CN/TW),7,curated,Restaurant
BEUTEA,East Asian (KR/JP/CN/TW),6,curated,Food Kiosk & Light Bites
Eighteen Plum,East Asian (KR/JP/CN/TW),6,curated,
I Love Taimei,East Asian (KR/JP/CN/TW),6,curated,Fast Food
Kei Kaisendon,East Asian (KR/JP/CN/TW),6,curated,Restaurant
Mincheng Bibimbap,East Asian (KR/JP/CN/TW),6,curated,
NiKU iKU,East Asian (KR/JP/CN/TW),6,curated,
Tongue Tip Lanzhou Beef Noodles,East Asian (KR/JP/CN/TW),6,curated,Restaurant
Zhang Liang Mala Tang,East Asian (KR/JP/CN/TW),6,curated,Restaurant
4FINGERS Crispy Chicken,East Asian (KR/JP/CN/TW),5,keyword/other,
Aburi-EN,East Asian (KR/JP/CN/TW),5,keyword/other,Reservation
Ajumma's,East Asian (KR/JP/CN/TW),5,keyword/other,Restaurant
Canton Paradise,East Asian (KR/JP/CN/TW),5,curated,Restaurant
Eat 3 Bowls,East Asian (KR/JP/CN/TW),5,keyword/other,Restaurants
Gokoku Japanese Bakery,East Asian (KR/JP/CN/TW),5,curated,Bakery & Confectionery
HEYTEA,East Asian (KR/JP/CN/TW),5,curated,Cafe & Dessert Bar
Ottie Pancakes,East Asian (KR/JP/CN/TW),5,curated,Bakery & Confectionery
Paradise Dynasty,East Asian (KR/JP/CN/TW),5,curated,Restaurant
Pepper Lunch,East Asian (KR/JP/CN/TW),5,curated,Fast Food
Seoul Garden,East Asian (KR/JP/CN/TW),5,curated,Restaurant
Shabu Sai,East Asian (KR/JP/CN/TW),5,curated,Restaurant
YGF MALATANG,East Asian (KR/JP/CN/TW),5,curated,Restaurant
108 Matcha Saro,East Asian (KR/JP/CN/TW),4,keyword/other,
Ajisen Tanjiro,East Asian (KR/JP/CN/TW),4,keyword/other,
Beard Papa’s,East Asian (KR/JP/CN/TW),4,curated,Bakery & Confectionery
CoCo ICHIBANYA,East Asian (KR/JP/CN/TW),4,keyword/other,Restaurant
Duke Bakery,East Asian (KR/JP/CN/TW),4,keyword/other,Bakery & Confectionery
Eat Pizza,East Asian (KR/JP/CN/TW),4,keyword/other,Food Kiosk & Light Bites
Ho Kee Pau,East Asian (KR/JP/CN/TW),4,keyword/other,Breakfast
Hoshino Coffee,East Asian (KR/JP/CN/TW),4,curated,Cafe & Dessert Bar
KOI Express,East Asian (KR/JP/CN/TW),4,curated,Quick Bites
Lao Huo Tang,East Asian (KR/JP/CN/TW),4,curated,
LeNu Chef Wai’s Noodle Bar,East Asian (KR/JP/CN/TW),4,curated,Restaurant
Mr. Onigiri,East Asian (KR/JP/CN/TW),4,keyword/other,Light Bites & Food Kiosks
Nunsaram Korean Dessert Cafe,East Asian (KR/JP/CN/TW),4,keyword/other,Cafe & Dessert Bar
Old Tea Hut,East Asian (KR/JP/CN/TW),4,curated,
Shihlin Taiwan Street Food,East Asian (KR/JP/CN/TW),4,keyword/other,Fast Food
Tai Chong Kok,East Asian (KR/JP/CN/TW),4,keyword/other,Bakery & Confectionery
Tonkatsu ENbiton,East Asian (KR/JP/CN/TW),4,keyword/other,
Tonkatsu by Ma Maison,East Asian (KR/JP/CN/TW),4,keyword/other,Restaurant
Wanpo Tea Shop,East Asian (KR/JP/CN/TW),4,keyword/other,
YOSHINOYA,East Asian (KR/JP/CN/TW),4,keyword/other,Fast Food
Yuen Kee Dumpling,East Asian (KR/JP/CN/TW),4,keyword/other,
% Arabica (Temporarily closed),East Asian (KR/JP/CN/TW),3,curated,Breakfast
A HOT HIDEOUT,East Asian (KR/JP/CN/TW),3,keyword/other,Restaurant
Ajisen Ramen,East Asian (KR/JP/CN/TW),3,curated,Restaurant
BBQ Box 串烧工坊,East Asian (KR/JP/CN/TW),3,curated,
BreadTalk/Toast Box,East Asian (KR/JP/CN/TW),3,keyword/other,
CHA MULAN,East Asian (KR/JP/CN/TW),3,curated,Quick Bites
Cai-Ca,East Asian (KR/JP/CN/TW),3,keyword/other,Food Kiosk & Light Bites
Dough Magic,East Asian (KR/JP/CN/TW),3,keyword/other,
Each-a-Cup,East Asian (KR/JP/CN/TW),3,curated,
Fried Chicken Master,East Asian (KR/JP/CN/TW),3,keyword/other,
Hong Kong Egglet,East Asian (KR/JP/CN/TW),3,keyword/other,Food Kiosk & Light Bites
JINJJA Chicken,East Asian (KR/JP/CN/TW),3,curated,Fast Food
JUMBO SEAFOOD,East Asian (KR/JP/CN/TW),3,keyword/other,Reservation
Ji De Chi Dessert,East Asian (KR/JP/CN/TW),3,keyword/other,Cafe & Dessert Bar
Kin No Mame,East Asian (KR/JP/CN/TW),3,keyword/other,Food Kiosk & Light Bites
Kiwami Ramen & Gyoza Bar,East Asian (KR/JP/CN/TW),3,keyword/other,Restaurant
Le Shrimp Ramen,East Asian (KR/JP/CN/TW),3,keyword/other,Restaurant
Mei Heong Yuen Dessert,East Asian (KR/JP/CN/TW),3,curated,
Paradise Classic,East Asian (KR/JP/CN/TW),3,curated,Restaurant
SAN REN XING 三人行,East Asian (KR/JP/CN/TW),3,curated,Restaurant
SUKI-YA,East Asian (KR/JP/CN/TW),3,curated,Restaurant
Sushi Plus,East Asian (KR/JP/CN/TW),3,keyword/other,Restaurant
Sushi Zushi,East Asian (KR/JP/CN/TW),3,keyword/other,Restaurant
TAI ER,East Asian (KR/JP/CN/TW),3,curated,
Tempura-EN,East Asian (KR/JP/CN/TW),3,keyword/other,Reservation
The Whale Tea,East Asian (KR/JP/CN/TW),3,curated,Food Kiosk & Light Bites
Warabimochi Kamakura,East Asian (KR/JP/CN/TW),3,keyword/other,Light Bites & Food Kiosks
Xin Wang Hong Kong Cafe,East Asian (KR/JP/CN/TW),3,keyword/other,Cafe & Dessert Bar
itea,East Asian (KR/JP/CN/TW),3,curated,
i•tea,East Asian (KR/JP/CN/TW),3,curated,Light Bites & Food Kiosks
BHC Chicken,East Asian (KR/JP/CN/TW),2,keyword/other,
BINGXUE TEA & ICE CREAM,East Asian (KR/JP/CN/TW),2,keyword/other,Cafe & Dessert Bar
Beauty in The Pot,East Asian (KR/JP/CN/TW),2,curated,Late Night
Betsubara,East Asian (KR/JP/CN/TW),2,keyword/other,
Bulgogi Syo,East Asian (KR/JP/CN/TW),2,keyword/other,
Butahage,East Asian (KR/JP/CN/TW),2,keyword/other,
City Hot Pot,East Asian (KR/JP/CN/TW),2,keyword/other,Restaurant
Compose Coffee,East Asian (KR/JP/CN/TW),2,keyword/other,
Daily Chicken,East Asian (KR/JP/CN/TW),2,keyword/other,
Dal.komm COFFEE,East Asian (KR/JP/CN/TW),2,keyword/other,Cafe & Dessert Bar
Devil Chicken,East Asian (KR/JP/CN/TW),2,keyword/other,Food Kiosk & Light Bites
Flipper's,East Asian (KR/JP/CN/TW),2,keyword/other,Cafe & Dessert Bar
Fong Sheng Hao,East Asian (KR/JP/CN/TW),2,keyword/other,Breakfast
Ghost Kakigori,East Asian (KR/JP/CN/TW),2,keyword/other,
GyoGyo,East Asian (KR/JP/CN/TW),2,keyword/other,Restaurant
Hokkaido Baked Cheese Tart,East Asian (KR/JP/CN/TW),2,keyword/other,Bakery & Confectionery
Hototogisu Ramen,East Asian (KR/JP/CN/TW),2,keyword/other,
Imperial Treasure Super Peking Duck,East Asian (KR/JP/CN/TW),2,keyword/other,Restaurant
Legendary Hong Kong,East Asian (KR/JP/CN/TW),2,keyword/other,Restaurant
MARUTAMA RAMEN,East Asian (KR/JP/CN/TW),2,keyword/other,Restaurants
Ma Maison,East Asian (KR/JP/CN/TW),2,keyword/other,Restaurant
Maji Curry,East Asian (KR/JP/CN/TW),2,keyword/other,Restaurants
Miam Miam,East Asian (KR/JP/CN/TW),2,keyword/other,Restaurant
Monster Planet,East Asian (KR/JP/CN/TW),2,keyword/other,
My Korean Mom’s Kimchi,East Asian (KR/JP/CN/TW),2,keyword/other,Restaurants
Namu Bulgogi,East Asian (KR/JP/CN/TW),2,keyword/other,
Nong Geng Ji Hunan Home-Style Cuisine,East Asian (KR/JP/CN/TW),2,keyword/other,
POCHA! KOREAN STREET DINING,East Asian (KR/JP/CN/TW),2,keyword/other,
Paik's Noodle,East Asian (KR/JP/CN/TW),2,keyword/other,
Paradise Hotpot,East Asian (KR/JP/CN/TW),2,keyword/other,Restaurant
Ramen Hitoyoshi,East Asian (KR/JP/CN/TW),2,keyword/other,
Ryokudo,East Asian (KR/JP/CN/TW),2,keyword/other,Restaurants
SEN-RYO,East Asian (KR/JP/CN/TW),2,keyword/other,
SEORAE JIB,East Asian (KR/JP/CN/TW),2,keyword/other,Restaurant
SEOUL NOODLE SHOP,East Asian (KR/JP/CN/TW),2,keyword/other,
SHOO LOONG KAN 小龙坎火锅,East Asian (KR/JP/CN/TW),2,keyword/other,Restaurant
SUSHI GOGO,East Asian (KR/JP/CN/TW),2,keyword/other,Food Kiosk & Light Bites
Seoul Garden HOTPOT,East Asian (KR/JP/CN/TW),2,keyword/other,Restaurant
Shanghai Tan Pan-Fried Buns,East Asian (KR/JP/CN/TW),2,keyword/other,Restaurant
Snackz It! 可口味,East Asian (KR/JP/CN/TW),2,keyword/other,Food Kiosk & Light Bites
So Do Fun,East Asian (KR/JP/CN/TW),2,keyword/other,
Sushi Zanmai,East Asian (KR/JP/CN/TW),2,keyword/other,Restaurant
Sushi-GO(&JOY Japanese Food Street ),East Asian (KR/JP/CN/TW),2,keyword/other,
TAN YU,East Asian (KR/JP/CN/TW),2,keyword/other,Restaurant
TANYU,East Asian (KR/JP/CN/TW),2,curated,Restaurant
TOMI SUSHI,East Asian (KR/JP/CN/TW),2,keyword/other,Restaurants
TORA-SAN,East Asian (KR/JP/CN/TW),2,keyword/other,
Tai Er Suancai & Fish,East Asian (KR/JP/CN/TW),2,keyword/other,Restaurant
Teppan-Yaki,East Asian (KR/JP/CN/TW),2,keyword/other,
The Alley,East Asian (KR/JP/CN/TW),2,curated,Cafe & Dessert Bar
The Dim Sum Place,East Asian (KR/JP/CN/TW),2,keyword/other,
Tokyo Milk Cheese Factory,East Asian (KR/JP/CN/TW),2,keyword/other,Bakery & Confectionery
Tonkotsu Kazan,East Asian (KR/JP/CN/TW),2,curated,Restaurant
Tonkotsu Kazan Ramen,East Asian (KR/JP/CN/TW),2,keyword/other,
Tsukada Nojo,East Asian (KR/JP/CN/TW),2,curated,Restaurant
Wang Fu Dim Sum,East Asian (KR/JP/CN/TW),2,keyword/other,Restaurant
Watami Japanese Dining,East Asian (KR/JP/CN/TW),2,keyword/other,Restaurant
Xi Men Jie,East Asian (KR/JP/CN/TW),2,keyword/other,Food Kiosk & Light Bites
Xin Wang Hong Kong Café,East Asian (KR/JP/CN/TW),2,keyword/other,
Yakiniku-Go,East Asian (KR/JP/CN/TW),2,keyword/other,
Yi Zun Noodle,East Asian (KR/JP/CN/TW),2,keyword/other,
ZOK NOODLE HOUSE 竹麵館(港澳),East Asian (KR/JP/CN/TW),2,keyword/other,Restaurant
umisushi,East Asian (KR/JP/CN/TW),2,keyword/other,
1-ATICO BY 1-ALTITUDE,East Asian (KR/JP/CN/TW),1,keyword/other,
4 Fingers Crispy Chicken,East Asian (KR/JP/CN/TW),1,keyword/other,Fast Food
88 HONG KONG ROAST MEAT SPECIALIST,East Asian (KR/JP/CN/TW),1,keyword/other,
@i MANGO COTTON ICE FRESH MILK TEA OMELETTE RICE,East Asian (KR/JP/CN/TW),1,keyword/other,
AMACHA 阿嬷茶语,East Asian (KR/JP/CN/TW),1,keyword/other,
ARTEASG,East Asian (KR/JP/CN/TW),1,keyword/other,Cafe & Dessert Bar
AZABU SABO HOKKAIDO ICE-CREAM SHOP,East Asian (KR/JP/CN/TW),1,keyword/other,Cafes & Desserts
Abundance,East Asian (KR/JP/CN/TW),1,keyword/other,
Ajisen,East Asian (KR/JP/CN/TW),1,keyword/other,
Akashi Japanese Restaurant,East Asian (KR/JP/CN/TW),1,keyword/other,
Aki Sushi & Grill,East Asian (KR/JP/CN/TW),1,keyword/other,Restaurant
Alley.Wei,East Asian (KR/JP/CN/TW),1,keyword/other,
Annabella Patisserie,East Asian (KR/JP/CN/TW),1,keyword/other,
Asia Grand Restaurant,East Asian (KR/JP/CN/TW),1,keyword/other,Restaurant
Auntie Ashley,East Asian (KR/JP/CN/TW),1,keyword/other,
BIZEN Wagyu & Salad Bar,East Asian (KR/JP/CN/TW),1,keyword/other,
BLUEBIRD TRAVEL 青鳥旅行,East Asian (KR/JP/CN/TW),1,keyword/other,Bakery & Confectionery
Ban Heng Teochew Porridge,East Asian (KR/JP/CN/TW),1,keyword/other,
Banzai Izakaya Live House,East Asian (KR/JP/CN/TW),1,keyword/other,
Bashu Sichuan Cuisine,East Asian (KR/JP/CN/TW),1,keyword/other,Restaurant
Beautiful Lai Grilled Fish (Lai Meili),East Asian (KR/JP/CN/TW),1,keyword/other,
Bibim Deli,East Asian (KR/JP/CN/TW),1,keyword/other,
Bibimbap! / Dosirak!,East Asian (KR/JP/CN/TW),1,keyword/other,Restaurant
Bober Tea,East Asian (KR/JP/CN/TW),1,keyword/other,
Bon Broth,East Asian (KR/JP/CN/TW),1,keyword/other,Restaurant
Bornga,East Asian (KR/JP/CN/TW),1,keyword/other,
Buta Kizoku,East Asian (KR/JP/CN/TW),1,keyword/other,
CAPTAIN KIM KOREAN BBQ & HOTPOT,East Asian (KR/JP/CN/TW),1,keyword/other,Restaurants
CHICKEN HOTPOT,East Asian (KR/JP/CN/TW),1,keyword/other,Restaurants
COFFEESARANG,East Asian (KR/JP/CN/TW),1,keyword/other,Cafe & Dessert Bar
Cafe Bom Bom,East Asian (KR/JP/CN/TW),1,keyword/other,
Café Usagi TOKYO,East Asian (KR/JP/CN/TW),1,keyword/other,
ChaPanda 茶百道,East Asian (KR/JP/CN/TW),1,keyword/other,
Chao Yue Xuan Dim Sum Express,East Asian (KR/JP/CN/TW),1,keyword/other,
Chef Foong Restaurant,East Asian (KR/JP/CN/TW),1,keyword/other,Restaurant
Chiyoda Sushi,East Asian (KR/JP/CN/TW),1,keyword/other,
Coco Lato,East Asian (KR/JP/CN/TW),1,keyword/other,"Chocolates, Candies & Delicatessen"
Coucou Hot Pot Brew Tea & Tea Me Tea,East Asian (KR/JP/CN/TW),1,keyword/other,
Coucou Hotpot.Brew Tea,East Asian (KR/JP/CN/TW),1,keyword/other,Reservation
Create By The Alley,East Asian (KR/JP/CN/TW),1,keyword/other,
Crystal Jade Dining IN,East Asian (KR/JP/CN/TW),1,keyword/other,
Crystal Jade La Mian Xiao Long Bao,East Asian (KR/JP/CN/TW),1,curated,Restaurant
D'RIM Korean Steak House,East Asian (KR/JP/CN/TW),1,keyword/other,
DOMO Modern Japanese,East Asian (KR/JP/CN/TW),1,keyword/other,Restaurant
DONQ EDITER/MINI ONE,East Asian (KR/JP/CN/TW),1,keyword/other,
DONQ ÉDITER,East Asian (KR/JP/CN/TW),1,keyword/other,Bakery & Confectionery
Donburi King 爆爆王 ばくばくおう,East Asian (KR/JP/CN/TW),1,keyword/other,
Dookki,East Asian (KR/JP/CN/TW),1,keyword/other,
E!GHT KOREAN BBQ,East Asian (KR/JP/CN/TW),1,keyword/other,Restaurants
EN Yeoh’s Bak Kut Teh,East Asian (KR/JP/CN/TW),1,keyword/other,
Feng Food,East Asian (KR/JP/CN/TW),1,keyword/other,
Fire Ramen,East Asian (KR/JP/CN/TW),1,keyword/other,
Flavours by Saute,East Asian (KR/JP/CN/TW),1,keyword/other,Restaurant
Fu Lin Restaurant & Bar,East Asian (KR/JP/CN/TW),1,keyword/other,
Fu Yuan Teochew Dining,East Asian (KR/JP/CN/TW),1,keyword/other,
GATTEN SUSHI,East Asian (KR/JP/CN/TW),1,keyword/other,
Go Ba! 果霸茶,East Asian (KR/JP/CN/TW),1,keyword/other,Food Kiosk & Light Bites
Gochiya,East Asian (KR/JP/CN/TW),1,keyword/other,
Golden Chopsticks,East Asian (KR/JP/CN/TW),1,keyword/other,
Good Day Bakery,East Asian (KR/JP/CN/TW),1,keyword/other,
GoroGoro Steamboat & Korean Buffet,East Asian (KR/JP/CN/TW),1,keyword/other,
GyoGyo Japanese Grilled Fish & Sukiyaki,East Asian (KR/JP/CN/TW),1,keyword/other,Restaurant
Gyushi,East Asian (KR/JP/CN/TW),1,keyword/other,
HAKU SUSHI,East Asian (KR/JP/CN/TW),1,keyword/other,
HANG HEUNG HONG KONG,East Asian (KR/JP/CN/TW),1,keyword/other,
HANSANG KOREAN FAMILY RESTAURANT,East Asian (KR/JP/CN/TW),1,keyword/other,Restaurants
HINOYA TEPPANYAKI,East Asian (KR/JP/CN/TW),1,keyword/other,Restaurants
HITOYOSHI YOSHI SUSHI,East Asian (KR/JP/CN/TW),1,keyword/other,Restaurants
HOKKAIDO DOSANKO PLAZA MEIDI-YA,East Asian (KR/JP/CN/TW),1,keyword/other,
Ha Jun,East Asian (KR/JP/CN/TW),1,keyword/other,Restaurant
HaiDiLao,East Asian (KR/JP/CN/TW),1,keyword/other,
Hajime Tonkatsu & Ramen,East Asian (KR/JP/CN/TW),1,keyword/other,
Hand In Hand Peking Duck Restaurant,East Asian (KR/JP/CN/TW),1,keyword/other,
Hanjip Korean Grill House,East Asian (KR/JP/CN/TW),1,keyword/other,
Happy Cup,East Asian (KR/JP/CN/TW),1,keyword/other,
Haruyama Udon®,East Asian (KR/JP/CN/TW),1,keyword/other,
Hatsumi Donburi & Soba,East Asian (KR/JP/CN/TW),1,keyword/other,
Hei Sushi,East Asian (KR/JP/CN/TW),1,keyword/other,Food Kiosk & Light Bites
Hey! Yakiniku,East Asian (KR/JP/CN/TW),1,keyword/other,Restaurant
Hitoyoshi Izakaya,East Asian (KR/JP/CN/TW),1,keyword/other,Restaurant
Hokkaido Baked Cheese Tarts,East Asian (KR/JP/CN/TW),1,keyword/other,
Hokkaido-Ya,East Asian (KR/JP/CN/TW),1,keyword/other,
Hong Kong Egglet & Nam Kee JB Handmade Pau,East Asian (KR/JP/CN/TW),1,keyword/other,Food Kiosk & Light Bites
Hong Kong Egglet / Nam Kee Pau,East Asian (KR/JP/CN/TW),1,keyword/other,
Hong Kong Zhai Dim Sum,East Asian (KR/JP/CN/TW),1,keyword/other,
Hoshino Coffee Japanese Café & Restaurant,East Asian (KR/JP/CN/TW),1,keyword/other,Restaurant
Hvala,East Asian (KR/JP/CN/TW),1,curated,
Hyang-To-Gol,East Asian (KR/JP/CN/TW),1,keyword/other,Restaurant
IMPERIAL TREASURE CANTONESE CUISINE,East Asian (KR/JP/CN/TW),1,keyword/other,
ITACHO SUSHI,East Asian (KR/JP/CN/TW),1,curated,Restaurants
Ichikokudo Hokkaido Ramen,East Asian (KR/JP/CN/TW),1,keyword/other,
Ichikokudo Ramen,East Asian (KR/JP/CN/TW),1,keyword/other,
Idaten Udon (&JOY Japanese Food Street),East Asian (KR/JP/CN/TW),1,keyword/other,
JOY LUCK TEAHOUSE,East Asian (KR/JP/CN/TW),1,keyword/other,Food Kiosk & Light Bites
JUEWEI BRAISED SNACKS,East Asian (KR/JP/CN/TW),1,keyword/other,Food Kiosk & Light Bites
JYU LAE,East Asian (KR/JP/CN/TW),1,keyword/other,
Jianghu Hotpot,East Asian (KR/JP/CN/TW),1,keyword/other,
K. COOK KOREAN BBQ BUFFET,East Asian (KR/JP/CN/TW),1,keyword/other,Restaurants
KIMCHI DINING,East Asian (KR/JP/CN/TW),1,keyword/other,Restaurants
KIMCHI MAMA,East Asian (KR/JP/CN/TW),1,keyword/other,
KISEKI JAPANESE BUFFET RESTAURANT,East Asian (KR/JP/CN/TW),1,keyword/other,Restaurants
KYO WATAMI,East Asian (KR/JP/CN/TW),1,keyword/other,
Kai Garden,East Asian (KR/JP/CN/TW),1,keyword/other,
Kai Oh Don海王,East Asian (KR/JP/CN/TW),1,keyword/other,
Karii,East Asian (KR/JP/CN/TW),1,keyword/other,
Katsu-an,East Asian (KR/JP/CN/TW),1,keyword/other,
Koji Sushi Bar,East Asian (KR/JP/CN/TW),1,keyword/other,
Kushiya,East Asian (KR/JP/CN/TW),1,keyword/other,Food Kiosk & Light Bites
Kyoto Onimaru,East Asian (KR/JP/CN/TW),1,keyword/other,
LAO BEIJING,East Asian (KR/JP/CN/TW),1,keyword/other,
LETAO / TOKYO MILK CHEESE FACTORY,East Asian (KR/JP/CN/TW),1,keyword/other,
LO HEY HK SEAFOOD,East Asian (KR/JP/CN/TW),1,keyword/other,Restaurants
Lai Lai Taiwan Casual Dining,East Asian (KR/JP/CN/TW),1,keyword/other,
Lao Huo Tang Signature,East Asian (KR/JP/CN/TW),1,keyword/other,
LiHO Tea / Gong Yuan Ma La Tang,East Asian (KR/JP/CN/TW),1,keyword/other,
Luli Tea & Coffee,East Asian (KR/JP/CN/TW),1,keyword/other,
MACCHA HOUSE,East Asian (KR/JP/CN/TW),1,curated,Restaurants
MADLYGOOD JAPANESE CAFE,East Asian (KR/JP/CN/TW),1,keyword/other,Restaurants
MAN MAN JAPANESE UNAGI RESTAURANT,East Asian (KR/JP/CN/TW),1,keyword/other,Restaurants
MARU MOCHI,East Asian (KR/JP/CN/TW),1,keyword/other,
MENSHO TOKYO SG,East Asian (KR/JP/CN/TW),1,keyword/other,
MICUN Bibimbap,East Asian (KR/JP/CN/TW),1,keyword/other,
MITSUBA JAPANESE RESTAURANT,East Asian (KR/JP/CN/TW),1,keyword/other,Restaurants
MODU Korean Restaurant,East Asian (KR/JP/CN/TW),1,keyword/other,
MOS JAPANESE FINE FOODS,East Asian (KR/JP/CN/TW),1,keyword/other,
Mai Ge Wen,East Asian (KR/JP/CN/TW),1,keyword/other,
Mala Boss,East Asian (KR/JP/CN/TW),1,keyword/other,
Manna,East Asian (KR/JP/CN/TW),1,keyword/other,Restaurant
Marutama Ra-men,East Asian (KR/JP/CN/TW),1,keyword/other,Restaurant
Men Men Don Don,East Asian (KR/JP/CN/TW),1,keyword/other,
Meow Barbecue,East Asian (KR/JP/CN/TW),1,keyword/other,Restaurant
Mizuki Sushi & Tempura,East Asian (KR/JP/CN/TW),1,keyword/other,
Monster Fish,East Asian (KR/JP/CN/TW),1,keyword/other,Seafood
NEXT SHIKAKU,East Asian (KR/JP/CN/TW),1,keyword/other,Restaurant
Naixue,East Asian (KR/JP/CN/TW),1,curated,Cafe
Nam Kee Pau & Hong Kong Egglet,East Asian (KR/JP/CN/TW),1,keyword/other,
Nana's Green Tea,East Asian (KR/JP/CN/TW),1,keyword/other,Restaurant
Niku Niku Oh!! Kome,East Asian (KR/JP/CN/TW),1,keyword/other,Restaurant
Nong Geng Ji Hunan Cuisine,East Asian (KR/JP/CN/TW),1,keyword/other,
Noodle Star K,East Asian (KR/JP/CN/TW),1,keyword/other,
Nunsaram Korean Dessert Café,East Asian (KR/JP/CN/TW),1,keyword/other,
ONI KIMBAP / OBBA JJAJANG EXPRESS,East Asian (KR/JP/CN/TW),1,keyword/other,Restaurants
OPPA Bibimbap,East Asian (KR/JP/CN/TW),1,keyword/other,
PINWEI MALA 品味麻辣,East Asian (KR/JP/CN/TW),1,keyword/other,Restaurant
PM+ by Pizza Maru / Chego by Seoul Yummy,East Asian (KR/JP/CN/TW),1,keyword/other,Restaurant
Paik's Bibim,East Asian (KR/JP/CN/TW),1,keyword/other,
Pizza Maru,East Asian (KR/JP/CN/TW),1,keyword/other,Restaurant
R&B Tea,East Asian (KR/JP/CN/TW),1,curated,
RUXU入续,East Asian (KR/JP/CN/TW),1,keyword/other,
Ramen Champion,East Asian (KR/JP/CN/TW),1,keyword/other,Restaurant
Ramen Kiou (&JOY Japanese Food Street),East Asian (KR/JP/CN/TW),1,keyword/other,
Riverside Canton Claypot Cuisine,East Asian (KR/JP/CN/TW),1,keyword/other,
SBCD Korean Rice House,East Asian (KR/JP/CN/TW),1,keyword/other,
SEORAE Korean Charcoal BBQ,East Asian (KR/JP/CN/TW),1,keyword/other,
SOTBOX,East Asian (KR/JP/CN/TW),1,keyword/other,
SOTPOT,East Asian (KR/JP/CN/TW),1,keyword/other,
SPICY NOODLE 銷魂麵舖,East Asian (KR/JP/CN/TW),1,keyword/other,Restaurant
SUKIYA. Gyudon. Curry,East Asian (KR/JP/CN/TW),1,keyword/other,Restaurant
SUNNY KOREAN CUISINE,East Asian (KR/JP/CN/TW),1,keyword/other,Restaurants
SUSHI KENSHIN,East Asian (KR/JP/CN/TW),1,keyword/other,Restaurants
Sanpoutei Ramen,East Asian (KR/JP/CN/TW),1,keyword/other,
Saute Saranghae,East Asian (KR/JP/CN/TW),1,keyword/other,
Seafood Paradise,East Asian (KR/JP/CN/TW),1,keyword/other,Seafood
Sen Sen Sushi by DON DON DONKI,East Asian (KR/JP/CN/TW),1,keyword/other,
Seorae Jib / Pocha! Korean Street Dining,East Asian (KR/JP/CN/TW),1,keyword/other,Restaurant
Seoul Bunsik,East Asian (KR/JP/CN/TW),1,keyword/other,
Seoul Noodle,East Asian (KR/JP/CN/TW),1,keyword/other,Restaurant
Sharetea Premium,East Asian (KR/JP/CN/TW),1,keyword/other,
Shi Li Fang Hot Pot,East Asian (KR/JP/CN/TW),1,keyword/other,
Shi Li Fang Hot Pot & One Pot,East Asian (KR/JP/CN/TW),1,keyword/other,
Shinfuni 幸芙妮,East Asian (KR/JP/CN/TW),1,keyword/other,
Shu Liu Xiang,East Asian (KR/JP/CN/TW),1,keyword/other,
Sichuan Chef,East Asian (KR/JP/CN/TW),1,keyword/other,
Song Gye Ok,East Asian (KR/JP/CN/TW),1,keyword/other,
Spicy Chef,East Asian (KR/JP/CN/TW),1,keyword/other,
Sufood,East Asian (KR/JP/CN/TW),1,keyword/other,Restaurant
Suju Japanese Restaurant,East Asian (KR/JP/CN/TW),1,keyword/other,
Suparakki Ramen,East Asian (KR/JP/CN/TW),1,keyword/other,
Super Sushi / Butter Studio,East Asian (KR/JP/CN/TW),1,keyword/other,
Sushi Ayumu by Masa Ishibashi,East Asian (KR/JP/CN/TW),1,keyword/other,
Sushidan,East Asian (KR/JP/CN/TW),1,keyword/other,Restaurant
TAIER Sichuan Cusine,East Asian (KR/JP/CN/TW),1,keyword/other,
TAJIMAYA YAKINIKU,East Asian (KR/JP/CN/TW),1,keyword/other,
TASTE PARADISE,East Asian (KR/JP/CN/TW),1,keyword/other,
TEMPURA TENDON TENYA,East Asian (KR/JP/CN/TW),1,keyword/other,
TENYA,East Asian (KR/JP/CN/TW),1,curated,Restaurants
THE PUBLIC IZAKAYA 2,East Asian (KR/JP/CN/TW),1,keyword/other,Restaurants
TOKYO SOBA,East Asian (KR/JP/CN/TW),1,keyword/other,Light Bites & Food Kiosks
TONSHOU,East Asian (KR/JP/CN/TW),1,keyword/other,
TORIO JAPANESE RESTAURANT,East Asian (KR/JP/CN/TW),1,keyword/other,Restaurants
TRICOW HOTPOT & BBQ BUFFET,East Asian (KR/JP/CN/TW),1,keyword/other,Restaurants
TTEOK Sang,East Asian (KR/JP/CN/TW),1,keyword/other,Restaurant
TUNG LOK PEKING DUCK,East Asian (KR/JP/CN/TW),1,keyword/other,Restaurants
Tajimaya Yakiniku / Suki-Ya KIN / MASH,East Asian (KR/JP/CN/TW),1,keyword/other,
TamJai SamGor Mixian,East Asian (KR/JP/CN/TW),1,keyword/other,Restaurant
Tamoya Udon,East Asian (KR/JP/CN/TW),1,keyword/other,
Tamoya Udon and Tempura,East Asian (KR/JP/CN/TW),1,keyword/other,
Tampopo,East Asian (KR/JP/CN/TW),1,curated,
Tampopo Grand Sushi & Shabu Shabu,East Asian (KR/JP/CN/TW),1,keyword/other,
Tang Tang Malatang,East Asian (KR/JP/CN/TW),1,keyword/other,
Tang Tea House,East Asian (KR/JP/CN/TW),1,keyword/other,
Teahouse by Soup Restaurant,East Asian (KR/JP/CN/TW),1,keyword/other,
Tenkaichi Japanese BBQ,East Asian (KR/JP/CN/TW),1,keyword/other,
The Food Place by Food Republic,East Asian (KR/JP/CN/TW),1,keyword/other,
The Soup Expert,East Asian (KR/JP/CN/TW),1,keyword/other,
The Sushi Bar,East Asian (KR/JP/CN/TW),1,keyword/other,Restaurant
The Sushi Bar Dining,East Asian (KR/JP/CN/TW),1,keyword/other,
Tokyo Milk Cheese Factory & Cow Cow Kitchen,East Asian (KR/JP/CN/TW),1,keyword/other,Quick Bites
Tokyo Shokudo Bistro,East Asian (KR/JP/CN/TW),1,keyword/other,
Tokyo Yakiniku Heijoen,East Asian (KR/JP/CN/TW),1,keyword/other,
Tomo Tokyo,East Asian (KR/JP/CN/TW),1,keyword/other,Restaurant
Tonkatsu Daiki,East Asian (KR/JP/CN/TW),1,keyword/other,
Tori Story,East Asian (KR/JP/CN/TW),1,keyword/other,Food Kiosk & Light Bites
Tous les Jours,East Asian (KR/JP/CN/TW),1,curated,
Tsukimi Hamburg(&JOY Japanese Food Street),East Asian (KR/JP/CN/TW),1,keyword/other,
Tsuta Japanese Soba Noodles,East Asian (KR/JP/CN/TW),1,keyword/other,Restaurant
TungLok Peking Duck,East Asian (KR/JP/CN/TW),1,keyword/other,
Typhoon Cafe,East Asian (KR/JP/CN/TW),1,keyword/other,Restaurant
UNAGI VS SALMON,East Asian (KR/JP/CN/TW),1,keyword/other,Restaurants
Una Una,East Asian (KR/JP/CN/TW),1,keyword/other,Restaurant
Uncle Fong Hotpot Restaurant,East Asian (KR/JP/CN/TW),1,keyword/other,
Victoria Bakery & Cafe,East Asian (KR/JP/CN/TW),1,keyword/other,
WANGXIAOZAN Hunan Cuisine,East Asian (KR/JP/CN/TW),1,keyword/other,
WAttention Plaza Japanese Kiosks Gyomu Japan Mart,East Asian (KR/JP/CN/TW),1,keyword/other,
WO WO DIAN 窝窝店 百年包子,East Asian (KR/JP/CN/TW),1,keyword/other,Restaurant
Wa-En Wagyu Yakiniku,East Asian (KR/JP/CN/TW),1,keyword/other,Reservation
Wadori (&JOY Japanese Food Street),East Asian (KR/JP/CN/TW),1,keyword/other,
Wan Chai Hong Kong Tea Room,East Asian (KR/JP/CN/TW),1,keyword/other,Breakfast
Wang Lu Hotpot,East Asian (KR/JP/CN/TW),1,keyword/other,
Wanglu Hot Pot,East Asian (KR/JP/CN/TW),1,keyword/other,
Wonderful Bap Sang,East Asian (KR/JP/CN/TW),1,keyword/other,
XCYD,East Asian (KR/JP/CN/TW),1,keyword/other,
Xi Chuan Chuan 喜串串,East Asian (KR/JP/CN/TW),1,keyword/other,
Xiao Jiao Tian Sichuan Cuisine,East Asian (KR/JP/CN/TW),1,keyword/other,
XiaoLongKan Hotpot,East Asian (KR/JP/CN/TW),1,keyword/other,Restaurant
YANG'S DUMPLING,East Asian (KR/JP/CN/TW),1,keyword/other,Restaurant
YAYOI,East Asian (KR/JP/CN/TW),1,curated,
YAYOI Japanese Teishoku Restaurant.,East Asian (KR/JP/CN/TW),1,keyword/other,
YI FANG TAIWAN FRUIT TEA,East Asian (KR/JP/CN/TW),1,keyword/other,Light Bites & Food Kiosks
YUN GA TRADITIONAL KOREAN RESTAURANT,East Asian (KR/JP/CN/TW),1,keyword/other,Restaurants
Yaki Yaki Bo (&JOY Japanese Food Street),East Asian (KR/JP/CN/TW),1,keyword/other,
Yakiniku-GO Plus,East Asian (KR/JP/CN/TW),1,keyword/other,
Yakitori ONE,East Asian (KR/JP/CN/TW),1,keyword/other,
Yan's Dining Fine Shanghai Cuisine,East Asian (KR/JP/CN/TW),1,keyword/other,
Yang Guo Fu Malatang,East Asian (KR/JP/CN/TW),1,keyword/other,
YangGuoFu Malatang,East Asian (KR/JP/CN/TW),1,keyword/other,
Yappari Steak,East Asian (KR/JP/CN/TW),1,keyword/other,
Yechun Xiao Jiang Nan @ The Dining Edition,East Asian (KR/JP/CN/TW),1,keyword/other,
Yong Xing Teochew Porridge,East Asian (KR/JP/CN/TW),1,keyword/other,
Zheng Nan Qi Bai and Dong Lai Handmade Fresh Buns Shop,East Asian (KR/JP/CN/TW),1,keyword/other,
Zhou's Claypot Rice Noodles,East Asian (KR/JP/CN/TW),1,keyword/other,
iMANGO,East Asian (KR/JP/CN/TW),1,keyword/other,
noci bakehouse,East Asian (KR/JP/CN/TW),1,keyword/other,
sio pasta,East Asian (KR/JP/CN/TW),1,keyword/other,Restaurant
小燕子番茄火锅 TOMATO HOTPOT,East Asian (KR/JP/CN/TW),1,keyword/other,Restaurants
Starbucks,European / Western,34,curated,Bakery & Confectionery
Subway,European / Western,24,curated,Breakfast
The Coffee Bean & Tea Leaf,European / Western,23,curated,Bakery & Confectionery
McDonald's,European / Western,21,curated,Breakfast
KFC,European / Western,16,curated,Breakfast
Burger King,European / Western,12,curated,Breakfast
DUNKIN',European / Western,12,curated,Cafe & Dessert Bar
Swensen's,European / Western,11,curated,Restaurant
Famous Amos,European / Western,10,curated,"Chocolates, Candies & Delicatessen"
Auntie Anne's,European / Western,9,curated,Food Kiosk & Light Bites
Cedele,European / Western,9,curated,Bakery & Confectionery
Krispy Kreme,European / Western,9,curated,Bakery & Confectionery
Pezzo,European / Western,9,curated,Food Kiosk & Light Bites
Saizeriya,European / Western,8,curated,Cafe & Dessert Bar
Wine Connection,European / Western,8,curated,Restaurants
Wingstop,European / Western,8,curated,Fast Food
Long John Silver's,European / Western,7,curated,Fast Food
PastaMania,European / Western,7,curated,Restaurant
Fish & Co.,European / Western,6,curated,Restaurant
Henri Charpentier,European / Western,6,curated,Cafes & Desserts
Tiong Bahru Bakery,European / Western,6,curated,Bakery & Confectionery
A-One Signature,European / Western,5,keyword/other,Restaurants
Shake Shack,European / Western,5,curated,Fast Food
Tim Hortons,European / Western,5,curated,Bakery & Confectionery
ASTONS Steak & Salad,European / Western,4,keyword/other,Restaurants
Da Paolo Gastronomia,European / Western,4,keyword/other,Breakfast
Délifrance,European / Western,4,keyword/other,
Josh's Grill,European / Western,4,keyword/other,Restaurant
Mamma Mia Trattoria E Caffè,European / Western,4,keyword/other,Restaurant
Nando's,European / Western,4,curated,Restaurant
Now Pizza,European / Western,4,keyword/other,
PS.CAFE,European / Western,4,curated,Restaurant
Popeyes,European / Western,4,curated,Fast Food
Rive Gauche Patisserie,European / Western,4,keyword/other,Bakery & Confectionery
Venchi,European / Western,4,keyword/other,"Chocolates, Candies & Delicatessen"
rumeL,European / Western,4,keyword/other,
BATTERCATCH,European / Western,3,keyword/other,Seafood
Casa Vostra,European / Western,3,keyword/other,Restaurant
Kenny Rogers Roasters,European / Western,3,curated,Restaurant
PAUL,European / Western,3,curated,
PastaGo,European / Western,3,keyword/other,Food Kiosk & Light Bites
Peperoni Pizzeria,European / Western,3,keyword/other,
Pizza Hut,European / Western,3,curated,
Shiok Burger,European / Western,3,keyword/other,Cafe & Dessert Bar
Texas Chicken,European / Western,3,curated,Restaurants
A&W,European / Western,2,curated,Breakfast
ALICE BOULANGERIE AND RESTAURANT,European / Western,2,keyword/other,Restaurant
Au Croissant,European / Western,2,keyword/other,Bakery & Confectionery
Bari Bari Steak,European / Western,2,keyword/other,Restaurant
Brotzeit,European / Western,2,curated,Restaurant
Cut Butchery,European / Western,2,keyword/other,
Delifrance,European / Western,2,keyword/other,Bakery & Confectionery
FIVE GUYS,European / Western,2,curated,Fast Food
Grill N Grill,European / Western,2,keyword/other,
JASONS DELI,European / Western,2,keyword/other,
JI DE CHI & OTTER PIZZA,European / Western,2,keyword/other,Cafes & Desserts
Mamma Mia! Trattoria E Caffe,European / Western,2,keyword/other,
Marché,European / Western,2,keyword/other,
Meet 2 Wine Bar & Restaurant,European / Western,2,keyword/other,
Overscoop,European / Western,2,keyword/other,Cafe & Dessert Bar
Pasta Play,European / Western,2,keyword/other,Light Bites & Food Kiosks
Playground by Playmade,European / Western,2,keyword/other,
Poulet,European / Western,2,keyword/other,Restaurant
Poulét,European / Western,2,keyword/other,Restaurant
Tangled,European / Western,2,keyword/other,
Wunderfolks,European / Western,2,keyword/other,"Chocolates, Candies & Delicatessen"
XW Plus Western Grill,European / Western,2,keyword/other,
XW Western Grill,European / Western,2,keyword/other,Restaurant
AZUL at Golden Village,European / Western,1,keyword/other,
Batter Catch,European / Western,1,keyword/other,
Big Pasta Small Pasta,European / Western,1,keyword/other,
Bird Avenue,European / Western,1,keyword/other,
Bistro Box by Uncle Penyet,European / Western,1,keyword/other,
Blue Label Pizza & Wine,European / Western,1,keyword/other,
Buddy Hoagies Café & Grill,European / Western,1,keyword/other,
CHICK-FIL-A,European / Western,1,keyword/other,Fast Food
Churros Republic,European / Western,1,keyword/other,Cafe & Dessert Bar
Cuba Libre Cafe & Bar,European / Western,1,keyword/other,
DeliTurk by Chef Celal,European / Western,1,keyword/other,
Eighteen Chefs,European / Western,1,keyword/other,Restaurant
FOOD ARENA by Yew Kee Group,European / Western,1,keyword/other,
FRENCH FOLD,European / Western,1,keyword/other,
Fisher King's Grill,European / Western,1,keyword/other,
GOPIZZA,European / Western,1,keyword/other,
GRUB,European / Western,1,keyword/other,Restaurant
HANS IM GLÜCK,European / Western,1,keyword/other,
Hundred Acre Creamery,European / Western,1,keyword/other,Cafe & Dessert Bar
IKEA Swedish Restaurant and Bistro,European / Western,1,keyword/other,
IMPERIAL TREASURE BAR + GRILL,European / Western,1,keyword/other,
IO ITALIAN OSTERIA,European / Western,1,keyword/other,Restaurants
JINJJA!! CHICKEN DINER,European / Western,1,keyword/other,Restaurant
Jack's Place Steak House & Restaurant,European / Western,1,keyword/other,
Joe & Dough,European / Western,1,curated,
Jules Epicurean French Cuisine,European / Western,1,keyword/other,Restaurant
LUCIA The Brownie Bar,European / Western,1,keyword/other,"Chocolates, Candies & Delicatessen"
Little Ribbons Pasta Co.,European / Western,1,keyword/other,Food Kiosk & Light Bites
M'Burger Inn,European / Western,1,keyword/other,
MISS G'S GRILL & BAR,European / Western,1,keyword/other,Restaurants
Mingle,European / Western,1,keyword/other,
MoVida Singapore,European / Western,1,keyword/other,Restaurant
Morganfield's,European / Western,1,curated,
NAPOLIZZ PIZZA,European / Western,1,keyword/other,Restaurants
NOCI,European / Western,1,keyword/other,
NOMVNOM BISTRO,European / Western,1,keyword/other,Restaurants
NY Char Grill,European / Western,1,keyword/other,Restaurant
OKINAWAN DINER NIRAI-KANAI,European / Western,1,keyword/other,
OSTERIA MOZZA,European / Western,1,keyword/other,
Octapas by El Mesa,European / Western,1,keyword/other,
Olive Vine,European / Western,1,keyword/other,
PASTA EXPRESS +,European / Western,1,keyword/other,
PEPPER GRILL,European / Western,1,keyword/other,
PIZZA KITA,European / Western,1,keyword/other,Light Bites & Food Kiosks
PLAIN VANILLA,European / Western,1,curated,
POULET + BRASSERIE,European / Western,1,keyword/other,
Patisserie Woo,European / Western,1,keyword/other,
Pizza Nation,European / Western,1,keyword/other,
Prego,European / Western,1,keyword/other,Restaurant
SKAI,European / Western,1,keyword/other,Restaurant
SONA'S GRILL,European / Western,1,keyword/other,Restaurants
SQUE ROTISSERIE & ALEHOUSE,European / Western,1,keyword/other,Restaurants
Salvo by Pasta Fresca,European / Western,1,keyword/other,
Saybons French Food Factory,European / Western,1,keyword/other,Breakfast
Sinpopo Brand,European / Western,1,keyword/other,Restaurant
Steak 99 Plus,European / Western,1,keyword/other,
THE MARMALADE PANTRY,European / Western,1,keyword/other,
Tangled Fresh Pasta To Go,European / Western,1,keyword/other,Food Kiosk & Light Bites
The Stamford Brasserie,European / Western,1,keyword/other,
The Upper House,European / Western,1,keyword/other,
The Vermilion House,European / Western,1,keyword/other,
US PIZZA,European / Western,1,keyword/other,Restaurants
Verve Pizza Bar,European / Western,1,keyword/other,Food Kiosk & Light Bites
WAREHOUSE,European / Western,1,keyword/other,
WINGS BAR & GRILL,European / Western,1,keyword/other,Restaurants
Western Mahua Noodles,European / Western,1,keyword/other,
Wooloomooloo Steak House,European / Western,1,keyword/other,Restaurant
YEAH GELATO 野人先生,European / Western,1,keyword/other,
Yamazaki Boulangerie Chaude,European / Western,1,keyword/other,
Dabba Street,Indian,7,curated,
Anjappar,Indian,1,curated,Restaurant
Bazil Kitchen [Indian Cuisine],Indian,1,keyword/other,Restaurant
Gabbar Bistro Bar,Indian,1,keyword/other,
KEBABCHI BIRYANI,Indian,1,keyword/other,Restaurant
Kebabchi Charcoal BBQ,Indian,1,keyword/other,
Komala's,Indian,1,curated,
Prata Raya,Indian,1,keyword/other,
SPRINGLEAF PRATA PLACE,Indian,1,keyword/other,Restaurants
Sakunthala's Restaurant,Indian,1,keyword/other,
Shahi Maharani North Indian Restaurant,Indian,1,keyword/other,
Ya Kun Kaya Toast,Local / Immediate-Regional,33,curated,Breakfast
Old Chang Kee,Local / Immediate-Regional,27,curated,Breakfast
Toast Box,Local / Immediate-Regional,27,curated,Breakfast
Mr. Coconut,Local / Immediate-Regional,22,curated,Cafe & Dessert Bar
Wok Hey,Local / Immediate-Regional,22,curated,Fast Food
BreadTalk,Local / Immediate-Regional,20,curated,Bakery & Confectionery
Bengawan Solo,Local / Immediate-Regional,17,curated,Food Kiosk & Light Bites
Mr Bean,Local / Immediate-Regional,17,curated,Breakfast
Bee Cheng Hiang,Local / Immediate-Regional,16,curated,
Four Leaves,Local / Immediate-Regional,16,curated,Bakery & Confectionery
Polar Puffs & Cakes,Local / Immediate-Regional,15,curated,Bakery & Confectionery
Fun Toast,Local / Immediate-Regional,14,curated,Cafes & Desserts
Dian Xiao Er,Local / Immediate-Regional,13,curated,Restaurant
The Soup Spoon,Local / Immediate-Regional,12,curated,Fast Food
Crave,Local / Immediate-Regional,11,curated,Restaurant
Munchi Pancakes,Local / Immediate-Regional,11,curated,Food Kiosk & Light Bites
EAT.,Local / Immediate-Regional,10,keyword/other,Restaurant
COLLIN’S®,Local / Immediate-Regional,8,curated,
Kopi & Tarts,Local / Immediate-Regional,8,curated,Cafe & Dessert Bar
Nam Kee Pau,Local / Immediate-Regional,8,curated,Breakfast
Steak 99,Local / Immediate-Regional,8,curated,
Food Republic,Local / Immediate-Regional,7,curated,Breakfast
Kenangan Coffee,Local / Immediate-Regional,7,curated,Cafe & Dessert Bar
Kopitiam,Local / Immediate-Regional,7,curated,Breakfast
Malaysia Boleh!,Local / Immediate-Regional,7,curated,
Nan Yang Dao,Local / Immediate-Regional,7,curated,
Song Fa Bak Kut Teh,Local / Immediate-Regional,7,curated,Restaurant
Greendot,Local / Immediate-Regional,6,curated,Food Kiosk & Light Bites
Qi Ji,Local / Immediate-Regional,6,curated,Restaurant
SWEE HENG 1989 Classic,Local / Immediate-Regional,6,curated,Bakery & Confectionery
Tun Xiang Hokkien Delights,Local / Immediate-Regional,6,curated,Restaurant
Astons Specialities,Local / Immediate-Regional,5,curated,Restaurant
Bakery Cuisine,Local / Immediate-Regional,5,curated,Bakery & Confectionery
Encik Tan,Local / Immediate-Regional,5,curated,Restaurants
Hot Tomato,Local / Immediate-Regional,5,curated,Restaurant
PrimaDéli,Local / Immediate-Regional,5,curated,Bakery & Confectionery
Soup Restaurant,Local / Immediate-Regional,5,curated,Restaurant
Yew Kee Specialities,Local / Immediate-Regional,5,keyword/other,
Food Junction,Local / Immediate-Regional,4,curated,Breakfast
Fragrance,Local / Immediate-Regional,4,keyword/other,"Chocolates, Candies & Delicatessen"
Papa Ayam,Local / Immediate-Regional,4,keyword/other,
Red Ginger,Local / Immediate-Regional,4,keyword/other,Breakfast
White Restaurant,Local / Immediate-Regional,4,curated,Restaurant
Ayam Penyet President,Local / Immediate-Regional,3,keyword/other,
Big Fish Small Fish,Local / Immediate-Regional,3,curated,Fast Food
Chicken Pie Kitchen & Don Signature Crab,Local / Immediate-Regional,3,keyword/other,
CocoCane,Local / Immediate-Regional,3,curated,
Cookhouse by Koufu,Local / Immediate-Regional,3,keyword/other,
D'Penyetz,Local / Immediate-Regional,3,keyword/other,
Dapur Penyet,Local / Immediate-Regional,3,keyword/other,
Fore Coffee,Local / Immediate-Regional,3,keyword/other,
HAWKERS' STREET,Local / Immediate-Regional,3,keyword/other,Restaurants
Han's,Local / Immediate-Regional,3,curated,
Huggs Coffee,Local / Immediate-Regional,3,curated,Cafes & Desserts
Lee Wee & Brothers,Local / Immediate-Regional,3,keyword/other,Food Kiosk & Light Bites
Mr Teh Tarik Express,Local / Immediate-Regional,3,curated,Light Bites & Food Kiosks
TOMORO COFFEE,Local / Immediate-Regional,3,curated,Food Kiosk & Light Bites
Tambuah Mas Indonesian Restaurant,Local / Immediate-Regional,3,keyword/other,Reservation
The Tree Cafe,Local / Immediate-Regional,3,keyword/other,Cafe & Dessert Bar
Toast & Roll by Swee Heng,Local / Immediate-Regional,3,keyword/other,
rrooll,Local / Immediate-Regional,3,keyword/other,
328 Katong Laksa,Local / Immediate-Regional,2,keyword/other,Restaurant
50 年 Taste Of Tradition,Local / Immediate-Regional,2,keyword/other,Bakery & Confectionery
85 Redhill Teochew Fishball Noodles,Local / Immediate-Regional,2,keyword/other,Cafe & Dessert Bar
Baba Nyonya,Local / Immediate-Regional,2,keyword/other,Restaurants
Boon Lay Power Nasi Lemak,Local / Immediate-Regional,2,keyword/other,Light Bites & Food Kiosks
Chicken Ka Kee,Local / Immediate-Regional,2,keyword/other,
Curry Times,Local / Immediate-Regional,2,curated,Restaurant
Dickson Nasi Lemak,Local / Immediate-Regional,2,keyword/other,Restaurants
Fragrance Bak Kwa,Local / Immediate-Regional,2,keyword/other,
Hainan Second Street,Local / Immediate-Regional,2,keyword/other,Restaurant
HarriAnns Nonya Table,Local / Immediate-Regional,2,keyword/other,
Hong Lim Curry Puff,Local / Immediate-Regional,2,keyword/other,
Hundred Grains 百米香,Local / Immediate-Regional,2,keyword/other,Fast Food
KILLINEY,Local / Immediate-Regional,2,curated,Cafes & Desserts
Lau Wang Claypot Delights,Local / Immediate-Regional,2,keyword/other,
Ministry of Rojak,Local / Immediate-Regional,2,curated,
ORIENTAL KOPI,Local / Immediate-Regional,2,keyword/other,Restaurant
Rotiboy,Local / Immediate-Regional,2,keyword/other,Bakery & Confectionery
Tenderfresh XPRESS,Local / Immediate-Regional,2,keyword/other,Food Kiosk & Light Bites
Ah Ma Chi Mian,Local / Immediate-Regional,1,keyword/other,
Andes by Astons,Local / Immediate-Regional,1,keyword/other,Restaurant
Arnold's Fried Chicken,Local / Immediate-Regional,1,keyword/other,
Asian Market Cafe,Local / Immediate-Regional,1,keyword/other,Restaurant
BARA INDONESIAN GRILLED RICE,Local / Immediate-Regional,1,keyword/other,Restaurants
BBQ Box Prime,Local / Immediate-Regional,1,keyword/other,Restaurant
Bagus Food Hall by Kopitiam,Local / Immediate-Regional,1,keyword/other,
Bagus by Kopitiam,Local / Immediate-Regional,1,keyword/other,
Bebek Goreng Pak Ndut,Local / Immediate-Regional,1,keyword/other,Restaurant
Blanco Court Beef Noodle,Local / Immediate-Regional,1,keyword/other,Restaurant
Bugis Xin Yuan Ji,Local / Immediate-Regional,1,keyword/other,
CRAVE/Stuff'd,Local / Immediate-Regional,1,keyword/other,Fast Food
Chopstix & Rice,Local / Immediate-Regional,1,keyword/other,
Coco Veggie Nyonya Cuisine,Local / Immediate-Regional,1,keyword/other,
Encik Tan / Popeyes Famous Louisiana Chicken,Local / Immediate-Regional,1,keyword/other,
Eu Yan Sang,Local / Immediate-Regional,1,curated,
FOOD OPERA,Local / Immediate-Regional,1,curated,
FU LIN,Local / Immediate-Regional,1,keyword/other,
Foodies’ Garden,Local / Immediate-Regional,1,keyword/other,
Four Seasons Durians,Local / Immediate-Regional,1,keyword/other,
Fu Lin Fried Yong Tofu,Local / Immediate-Regional,1,keyword/other,Restaurant
GO UNIQUE - 有间面馆 GO NOODLE HOUSE,Local / Immediate-Regional,1,keyword/other,Restaurant
GODMAMA,Local / Immediate-Regional,1,keyword/other,Restaurant
Gado & Grill,Local / Immediate-Regional,1,keyword/other,Food Kiosk & Light Bites
Good Chance Cafe,Local / Immediate-Regional,1,keyword/other,
Green Delights,Local / Immediate-Regional,1,keyword/other,
Hainanese Curry Rice,Local / Immediate-Regional,1,keyword/other,Restaurant
Hakka Bond 客家帮,Local / Immediate-Regional,1,keyword/other,
Halal Test,Local / Immediate-Regional,1,keyword/other,
Heavenly Wang,Local / Immediate-Regional,1,curated,
Hoe Nam Vintage,Local / Immediate-Regional,1,keyword/other,
IMPERIAL TREASURE FINE TEOCHEW CUISINE,Local / Immediate-Regional,1,keyword/other,
Ipoh Town 怡保城茶室,Local / Immediate-Regional,1,keyword/other,Restaurant
Ji Xiang Everton,Local / Immediate-Regional,1,keyword/other,
Ji Xiang Kueh,Local / Immediate-Regional,1,keyword/other,
KAFFE & TOAST TO-GO,Local / Immediate-Regional,1,keyword/other,
Killiney Café,Local / Immediate-Regional,1,keyword/other,
Killiney Coffee Cafe,Local / Immediate-Regional,1,keyword/other,
Kopi & Spells,Local / Immediate-Regional,1,keyword/other,
Kopitiam Food Hall,Local / Immediate-Regional,1,keyword/other,
Koufu,Local / Immediate-Regional,1,curated,
LIM CHEE GUAN,Local / Immediate-Regional,1,keyword/other,
Lee Wee & Brothers' Foodstuff,Local / Immediate-Regional,1,keyword/other,Food Kiosk & Light Bites
MAKAN MAKAN By D'PENYETZ GROUP,Local / Immediate-Regional,1,keyword/other,
MUNCHI PANCAKES / ALC RICEBOWLS,Local / Immediate-Regional,1,keyword/other,
Mama Klang,Local / Immediate-Regional,1,keyword/other,
Martina's Kitchen,Local / Immediate-Regional,1,keyword/other,Restaurant
Mr You Tiao,Local / Immediate-Regional,1,keyword/other,
My Kampung,Local / Immediate-Regional,1,keyword/other,Restaurant
NG AH SIO BAK KUT TEH,Local / Immediate-Regional,1,keyword/other,Restaurants
Nam Kee,Local / Immediate-Regional,1,keyword/other,Food Kiosk & Light Bites
Nam Kee JB Handmade Pau,Local / Immediate-Regional,1,keyword/other,Breakfast
New Manlee Bak Kut Teh,Local / Immediate-Regional,1,keyword/other,Restaurant
Nomad Ventures,Local / Immediate-Regional,1,keyword/other,
O'Coffee Club,Local / Immediate-Regional,1,curated,Breakfast
Old Street Bak Kut Teh,Local / Immediate-Regional,1,keyword/other,
PAGI SORE INDONESIAN RESTAURANT,Local / Immediate-Regional,1,keyword/other,Restaurants
PICNIC @ GREENWICH V,Local / Immediate-Regional,1,curated,Restaurants
PPP Coffee,Local / Immediate-Regional,1,keyword/other,Cafe & Dessert Bar
PUTIEN MAMA,Local / Immediate-Regional,1,keyword/other,
PUTIEN Restaurant,Local / Immediate-Regional,1,keyword/other,Restaurant
Paradise Teochew Restaurant,Local / Immediate-Regional,1,keyword/other,
Penang Place,Local / Immediate-Regional,1,keyword/other,
Pontian Mee,Local / Immediate-Regional,1,keyword/other,Restaurant
PrimaDeli,Local / Immediate-Regional,1,keyword/other,Bakery & Confectionery
Qi Le Boneless Chicken Rice,Local / Immediate-Regional,1,keyword/other,
Raffles Coffee and Toast (瑞福),Local / Immediate-Regional,1,keyword/other,
Red Ginger Coffeehouse,Local / Immediate-Regional,1,keyword/other,
Riverside Indonesian BBQ,Local / Immediate-Regional,1,keyword/other,
SUPER KITCHEN CHILLI PAN MEE,Local / Immediate-Regional,1,keyword/other,Restaurants
Sanchos taqueria (Halal-Certified),Local / Immediate-Regional,1,keyword/other,
Simply Wrapps,Local / Immediate-Regional,1,keyword/other,Cafe & Dessert Bar
Singapura Nanyang Coffee,Local / Immediate-Regional,1,keyword/other,
Sinpopo,Local / Immediate-Regional,1,keyword/other,
TANAMERA COFFEE,Local / Immediate-Regional,1,keyword/other,
Taliwang Restaurant,Local / Immediate-Regional,1,keyword/other,
Taste Ipoh,Local / Immediate-Regional,1,keyword/other,Cafe & Dessert Bar
The Cookie Museum,Local / Immediate-Regional,1,keyword/other,Bakery & Confectionery
The MeatHouse by 18 Chefs,Local / Immediate-Regional,1,keyword/other,
Tiong Bahru Hainanese Chicken Rice,Local / Immediate-Regional,1,keyword/other,
Tiong Bahru Jian Bo Shui Kueh,Local / Immediate-Regional,1,keyword/other,
Tip Top,Local / Immediate-Regional,1,curated,Food Kiosk & Light Bites
Tip Top Curry Puff,Local / Immediate-Regional,1,keyword/other,
Toast & Roll,Local / Immediate-Regional,1,curated,Food Kiosk & Light Bites
Toast Box & Thye Moh Chan,Local / Immediate-Regional,1,keyword/other,
Towkay Kia,Local / Immediate-Regional,1,keyword/other,
VIOLET OON SINGAPORE,Local / Immediate-Regional,1,keyword/other,
Wee Nam Kee Chicken Rice,Local / Immediate-Regional,1,keyword/other,
Wen Zhang Lao Mian,Local / Immediate-Regional,1,keyword/other,
Wok The Fish!,Local / Immediate-Regional,1,keyword/other,
Yew Kee Duck Rice,Local / Immediate-Regional,1,keyword/other,
ZUI YU XUAN TEOCHEW CUISINE,Local / Immediate-Regional,1,keyword/other,
Zuya Vegetarian,Local / Immediate-Regional,1,keyword/other,
coast & roast (Halal-Certified),Local / Immediate-Regional,1,keyword/other,
Boost Juice,Other / Mixed,21,curated,Food Kiosk & Light Bites
Stuff'd,Other / Mixed,20,curated,Food Kiosk & Light Bites
Guzman Y Gomez,Other / Mixed,10,curated,Fast Food
Dough Culture,Other / Mixed,8,curated,Bakery & Confectionery
KAZO,Other / Mixed,8,curated,Bakery & Confectionery
llaollao,Other / Mixed,8,curated,Cafe & Dessert Bar
An Acai Affair,Other / Mixed,6,curated,Cafe & Dessert Bar
Awfully Chocolate,Other / Mixed,6,curated,Bakery & Confectionery
Butter & Cream,Other / Mixed,6,keyword/other,Quick Bites
Yolé,Other / Mixed,6,curated,Cafe & Dessert Bar
Baskin Robbins,Other / Mixed,5,curated,Cafe & Dessert Bar
Cat & the Fiddle,Other / Mixed,5,curated,Food Kiosk & Light Bites
Garrett Popcorn Shops,Other / Mixed,5,curated,Food Kiosk & Light Bites
Koo Kee,Other / Mixed,5,keyword/other,Restaurants
Twyst,Other / Mixed,5,curated,Food Kiosk & Light Bites
365 Juices Bar,Other / Mixed,4,curated,
Bottles & Bottles,Other / Mixed,4,curated,
Chocolate Origin,Other / Mixed,4,keyword/other,"Chocolates, Candies & Delicatessen"
Geláre,Other / Mixed,4,keyword/other,Cafe & Dessert Bar
LITTLE POND,Other / Mixed,4,keyword/other,Restaurant
Ritz Apple Strudel,Other / Mixed,4,curated,Bakery & Confectionery
CAKEBAR,Other / Mixed,3,curated,Cafes & Desserts
Cellarbration,Other / Mixed,3,curated,
Chewy Junior,Other / Mixed,3,keyword/other,Bakery & Confectionery
Fieldnotes,Other / Mixed,3,keyword/other,
Hakka Yu,Other / Mixed,3,keyword/other,Restaurant
Kebabs Faktory,Other / Mixed,3,keyword/other,Restaurant
Kind Kones,Other / Mixed,3,keyword/other,Cafe & Dessert Bar
LeNu,Other / Mixed,3,keyword/other,Restaurants
Melvados,Other / Mixed,3,curated,Bakery & Confectionery
Pawa Bakery,Other / Mixed,3,keyword/other,Bakery & Confectionery
Plum Village,Other / Mixed,3,keyword/other,
ROYCE',Other / Mixed,3,keyword/other,"Chocolates, Candies & Delicatessen"
SF FRUITS,Other / Mixed,3,keyword/other,Cafe & Dessert Bar
SF Fruits & Juices,Other / Mixed,3,curated,Quick Bites
SMOOY,Other / Mixed,3,keyword/other,Cafe & Dessert Bar
Supergreen,Other / Mixed,3,curated,Restaurant
The Cocoa Trees,Other / Mixed,3,keyword/other,"Chocolates, Candies & Delicatessen"
YES LEMON,Other / Mixed,3,keyword/other,Quick Bites
iSTEAKS,Other / Mixed,3,keyword/other,
snacKING Retro Biscuits,Other / Mixed,3,curated,
1855 The Bottle Shop,Other / Mixed,2,keyword/other,
Alchemist,Other / Mixed,2,keyword/other,Cafe & Dessert Bar
Arteastiq DePatio,Other / Mixed,2,keyword/other,Restaurant
Avocadoria,Other / Mixed,2,keyword/other,
BAKEINC,Other / Mixed,2,keyword/other,Bakery & Confectionery
BAKERY CUISINE EXPRESS,Other / Mixed,2,keyword/other,Bakery & Confectionery
BARCOOK BAKERY,Other / Mixed,2,keyword/other,Bakery & Confectionery
BBQ Express,Other / Mixed,2,keyword/other,Food Kiosk & Light Bites
BLU JAZ,Other / Mixed,2,keyword/other,Restaurants
BOOST,Other / Mixed,2,keyword/other,Food Kiosk & Light Bites
Bacha Coffee,Other / Mixed,2,keyword/other,
Ben's Cookies,Other / Mixed,2,keyword/other,
Beryl's,Other / Mixed,2,keyword/other,
Beyond Pancakes,Other / Mixed,2,keyword/other,
Blue Bottle Coffee,Other / Mixed,2,keyword/other,Cafe & Dessert Bar
BreadTalk / Toastbox,Other / Mixed,2,keyword/other,
Brotzeit German Bier Bar & Restaurant,Other / Mixed,2,keyword/other,
CROLO by Swee Heng,Other / Mixed,2,keyword/other,
Café&Meal MUJI,Other / Mixed,2,keyword/other,Cafe & Dessert Bar
Candy Empire,Other / Mixed,2,keyword/other,
Coffeesmith,Other / Mixed,2,keyword/other,Bakery & Confectionery
Country Brot by Four Leaves,Other / Mixed,2,keyword/other,
DaXi 大喜,Other / Mixed,2,keyword/other,
Don Don Donki,Other / Mixed,2,keyword/other,
Eastern Rice Dumpling,Other / Mixed,2,keyword/other,Food Kiosk & Light Bites
Emicakes,Other / Mixed,2,keyword/other,Bakery & Confectionery
Epid’or,Other / Mixed,2,keyword/other,Bakery & Confectionery
Fei Siong,Other / Mixed,2,keyword/other,Breakfast
First Bowl 壹碗,Other / Mixed,2,keyword/other,Restaurant
Fruit Box,Other / Mixed,2,keyword/other,
GODIVA Chocolatier,Other / Mixed,2,keyword/other,Bakery & Confectionery
Gyukatsu Kyoto Katsugyu 牛かつ 京都勝牛,Other / Mixed,2,keyword/other,Restaurant
HABIT,Other / Mixed,2,keyword/other,Light Bites & Food Kiosks
HONEYWORLD®,Other / Mixed,2,keyword/other,
HUGABO,Other / Mixed,2,keyword/other,
Hi Noodle,Other / Mixed,2,keyword/other,
Hoe Nam Signatures,Other / Mixed,2,keyword/other,Restaurant
ISHIRO FUSHION BOWL (TEMPORARILY CLOSED),Other / Mixed,2,keyword/other,Restaurants
J.Co,Other / Mixed,2,keyword/other,Bakery & Confectionery
Jia Li Seafood Soup,Other / Mixed,2,keyword/other,
Juice Farm,Other / Mixed,2,keyword/other,
KE MING 克茗冰室,Other / Mixed,2,keyword/other,Cafe & Dessert Bar
Khao,Other / Mixed,2,keyword/other,
Koong Woh Tong,Other / Mixed,2,keyword/other,
LONGJING,Other / Mixed,2,keyword/other,
Lavender,Other / Mixed,2,keyword/other,Bakery & Confectionery
Lemonaide,Other / Mixed,2,keyword/other,Light Bites & Food Kiosks
LÄDERACH (LADERACH),Other / Mixed,2,keyword/other,
Läderach Chocolatier Suisse,Other / Mixed,2,keyword/other,"Chocolates, Candies & Delicatessen"
MADAM ANG KK,Other / Mixed,2,keyword/other,Light Bites & Food Kiosks
MANGO ICE 杨小贤绵绵冰,Other / Mixed,2,keyword/other,Cafe & Dessert Bar
MATSUKIYA,Other / Mixed,2,keyword/other,Restaurants
MENDON,Other / Mixed,2,keyword/other,Fast Food
MRS BANANA,Other / Mixed,2,keyword/other,
NATURE'S NUTRITION,Other / Mixed,2,keyword/other,Restaurants
NEW NANYANG,Other / Mixed,2,keyword/other,Restaurants
Nasty Cookie,Other / Mixed,2,keyword/other,Bakery & Confectionery
Nippon Bite,Other / Mixed,2,keyword/other,
OMEGA PORK NOODLE,Other / Mixed,2,keyword/other,Restaurant
Old Seng Choong,Other / Mixed,2,keyword/other,
PaperBakes,Other / Mixed,2,keyword/other,
Popeyes Famous Louisiana Chicken,Other / Mixed,2,keyword/other,
QIN JI ROUGAMO,Other / Mixed,2,keyword/other,Food Kiosk & Light Bites
Queic by Olivia,Other / Mixed,2,keyword/other,Cafe
Re.juve,Other / Mixed,2,keyword/other,
SALADSTOP!,Other / Mixed,2,curated,
SHI LI FANG,Other / Mixed,2,keyword/other,Restaurants
SIAM SQUARE MOOKATA (TEMPORARILY CLOSED),Other / Mixed,2,keyword/other,Restaurants
SUPER SUB,Other / Mixed,2,keyword/other,
SURREY HILLS GROCER,Other / Mixed,2,keyword/other,Restaurant
Smile Martabak,Other / Mixed,2,keyword/other,Food Kiosk & Light Bites
Swee Heng 1989 Signature,Other / Mixed,2,keyword/other,
TCC – THE CONNOISSEUR CONCERTO,Other / Mixed,2,keyword/other,
THE 1872 CLIPPER TEA CO.,Other / Mixed,2,keyword/other,Cafe
TSUJIRI,Other / Mixed,2,keyword/other,Cafe & Dessert Bar
TSUJIRI PREMIUM,Other / Mixed,2,keyword/other,Cafes & Desserts
TWG Tea,Other / Mixed,2,keyword/other,Food Kiosk & Light Bites
Tanjong Rhu Pau,Other / Mixed,2,keyword/other,Bakery & Confectionery
The Bread Club,Other / Mixed,2,keyword/other,
The Original Vadai,Other / Mixed,2,keyword/other,
Thye Moh Chan,Other / Mixed,2,keyword/other,
Tofu G,Other / Mixed,2,keyword/other,
Tsui Wah,Other / Mixed,2,keyword/other,Breakfast
Tutto by Da Paolo,Other / Mixed,2,keyword/other,Restaurant
VIETSMITH,Other / Mixed,2,keyword/other,Restaurants
Vivino,Other / Mixed,2,keyword/other,
Wonder Juice,Other / Mixed,2,keyword/other,Food Kiosk & Light Bites
YOLE 0% SUGAR ADDED,Other / Mixed,2,keyword/other,Cafe & Dessert Bar
ZUS COFFEE,Other / Mixed,2,keyword/other,
eCreative Cake,Other / Mixed,2,keyword/other,Bakery & Confectionery
myEureka,Other / Mixed,2,keyword/other,
san.wich,Other / Mixed,2,keyword/other,Breakfast
101 Pot Noodles,Other / Mixed,1,keyword/other,
1A Heritage,Other / Mixed,1,keyword/other,
1earn,Other / Mixed,1,keyword/other,
3 LITTLE GIRLS,Other / Mixed,1,keyword/other,Cafes & Desserts
50 Years Taste Of Tradition,Other / Mixed,1,keyword/other,
5:59,Other / Mixed,1,keyword/other,
7-ELEVEN,Other / Mixed,1,keyword/other,
8 Clover by Bakery Cuisine,Other / Mixed,1,keyword/other,
85 Redhill,Other / Mixed,1,keyword/other,
@ i Mango,Other / Mixed,1,keyword/other,
A Beautiful Day Café,Other / Mixed,1,keyword/other,
A Gan Guo Kui,Other / Mixed,1,keyword/other,Food Kiosk & Light Bites
A KITCHEN,Other / Mixed,1,keyword/other,Restaurants
A-ONE EXPRESS,Other / Mixed,1,keyword/other,Restaurants
AJ's Teh Tarik,Other / Mixed,1,keyword/other,
ALLEY.WEI TEPPAN-YAKI,Other / Mixed,1,keyword/other,
AMIYAKI,Other / Mixed,1,keyword/other,Restaurants
ANTI:DOTE,Other / Mixed,1,keyword/other,Cafe & Dessert Bar
ARMOURY STEAKS AND CRAFT BEER,Other / Mixed,1,keyword/other,
ASAP & CO,Other / Mixed,1,keyword/other,
AWFULLY CHOCOLATE CAFÉ,Other / Mixed,1,keyword/other,
Aburi-EN Grand,Other / Mixed,1,keyword/other,
ActionCity Café,Other / Mixed,1,keyword/other,Reservation
Ambush,Other / Mixed,1,keyword/other,Restaurant
Ameising Live House,Other / Mixed,1,keyword/other,
An Açaí Affair,Other / Mixed,1,keyword/other,
An Nyeong,Other / Mixed,1,keyword/other,
Angus House,Other / Mixed,1,keyword/other,
Arteastiq,Other / Mixed,1,keyword/other,Late Night
Arteastiq Tea Lounge,Other / Mixed,1,keyword/other,
At Tea,Other / Mixed,1,keyword/other,
Attap House,Other / Mixed,1,keyword/other,
Aunt MyeongDong,Other / Mixed,1,keyword/other,
Avenue on 3 Café,Other / Mixed,1,keyword/other,
Awfully Chocolate Experience Cafe,Other / Mixed,1,keyword/other,
Ayo Kimbap,Other / Mixed,1,keyword/other,
BA GUO GRILLED FISH,Other / Mixed,1,keyword/other,Restaurants
BAKER'S BREW,Other / Mixed,1,keyword/other,
BANTIANYAO GRILLED FISH 半天妖烤鱼,Other / Mixed,1,keyword/other,Restaurant
BAO BAO,Other / Mixed,1,keyword/other,
BEIJU EXPRESS,Other / Mixed,1,keyword/other,Light Bites & Food Kiosks
BEST EMPLOYEE FRIED CHICKEN,Other / Mixed,1,keyword/other,Restaurants
BGM,Other / Mixed,1,keyword/other,
BREAD & HEARTH,Other / Mixed,1,keyword/other,Cafes & Desserts
BREAK AND BAKE,Other / Mixed,1,keyword/other,Bakery & Confectionery
BREWERKZ RESTAURANT AND MICROBREWERY,Other / Mixed,1,keyword/other,Restaurants
BROTHERBIRD,Other / Mixed,1,keyword/other,
BROTHERBIRD BAKEHOUSE,Other / Mixed,1,keyword/other,Food Kiosk & Light Bites
BT21 Bubble Squad Walk 2025 - Race Pack Collection & Race Day Carnival,Other / Mixed,1,keyword/other,
BU ER CLASSMATE,Other / Mixed,1,keyword/other,
BUNS & BOOZE (COMING SOON),Other / Mixed,1,keyword/other,Restaurants
BURRATA JOY AND GUSTAVO LAPASTA,Other / Mixed,1,keyword/other,Restaurants
BUTTER STUDIO,Other / Mixed,1,keyword/other,Bakery & Confectionery
BYD by 1826,Other / Mixed,1,keyword/other,
Bae.gal by Swee Heng,Other / Mixed,1,keyword/other,
Bao's Pastry 鲍师傅糕点,Other / Mixed,1,keyword/other,Bakery & Confectionery
Beryl's Chocolate,Other / Mixed,1,keyword/other,
Big Appetite,Other / Mixed,1,keyword/other,
Birds of Paradise,Other / Mixed,1,curated,Quick Bites
Bites by Scarlett,Other / Mixed,1,keyword/other,
Bone Broth Vermicelli by Xian Tai Ye Gu Tang Mixian,Other / Mixed,1,keyword/other,
Boost Juice Bar,Other / Mixed,1,keyword/other,
Bouillon Gavroche,Other / Mixed,1,keyword/other,
Brauhaus Restaurant & Pub,Other / Mixed,1,keyword/other,
Brio,Other / Mixed,1,keyword/other,
Burnt Cones,Other / Mixed,1,keyword/other,
CAFE NESUTO,Other / Mixed,1,keyword/other,
CAFE ONE O,Other / Mixed,1,keyword/other,Cafes & Desserts
CAFFE BEVIAMO,Other / Mixed,1,keyword/other,Cafes & Desserts
CAFFEINEXPRESS,Other / Mixed,1,keyword/other,Light Bites & Food Kiosks | Pet-friendly | Pet-friendly takeaway food kiosks
CAPASSO,Other / Mixed,1,keyword/other,
CASABITES,Other / Mixed,1,keyword/other,Restaurants
CHACHAO,Other / Mixed,1,keyword/other,
CHADA by Tin Box,Other / Mixed,1,keyword/other,
CHAO TING,Other / Mixed,1,keyword/other,Restaurants
CHEF X @ CLARKE QUAY CENTRAL,Other / Mixed,1,keyword/other,Restaurants
CHIA PUDDIES,Other / Mixed,1,keyword/other,Light Bites & Food Kiosks
CHIC-A-BOO Chicken Specialty,Other / Mixed,1,keyword/other,
CHONG QING GRILLED FISH,Other / Mixed,1,keyword/other,Restaurants
CHURN,Other / Mixed,1,keyword/other,
CINNABON,Other / Mixed,1,keyword/other,
CLAYFUL CAFE,Other / Mixed,1,keyword/other,Cafes & Desserts
CLOVE,Other / Mixed,1,keyword/other,Restaurant
COCOBELLA LIFEBAR,Other / Mixed,1,keyword/other,Cafes & Desserts
COFFEE HIVE,Other / Mixed,1,keyword/other,Restaurants
COFFEE HIVE SIGNATURES,Other / Mixed,1,keyword/other,Restaurants
COFFEEMAN,Other / Mixed,1,keyword/other,Light Bites & Food Kiosks
COMMON MAN COFFEE ROASTERS ON THE GO,Other / Mixed,1,keyword/other,
CRAFTSMEN SPECIALTY COFFEE,Other / Mixed,1,keyword/other,Cafes & Desserts
Cafe Ma Maison,Other / Mixed,1,keyword/other,
Café Kitsuné,Other / Mixed,1,keyword/other,Cafe
Café de Paris,Other / Mixed,1,keyword/other,
Cai Lin Ji,Other / Mixed,1,keyword/other,
Cantine,Other / Mixed,1,keyword/other,
Capital,Other / Mixed,1,keyword/other,
Cedele Bakery Cafe,Other / Mixed,1,keyword/other,
Century Bakkwa,Other / Mixed,1,keyword/other,
Chalk Farm,Other / Mixed,1,keyword/other,
Chao Chao Xiang,Other / Mixed,1,keyword/other,
Chapters by Drinks & Co.,Other / Mixed,1,keyword/other,Restaurant
Chen's,Other / Mixed,1,keyword/other,
Chen's Kitchen,Other / Mixed,1,keyword/other,
Chill by Vox,Other / Mixed,1,keyword/other,
Chimi's,Other / Mixed,1,keyword/other,
Chimichanga,Other / Mixed,1,keyword/other,
Chocolate Origin & Cacaocat,Other / Mixed,1,keyword/other,
Chow Zan Dessert,Other / Mixed,1,keyword/other,Cafe
Chupitos,Other / Mixed,1,keyword/other,
CocoNutnut,Other / Mixed,1,keyword/other,
Coffee Bee by the coffee lab #5,Other / Mixed,1,keyword/other,
Creamie Sippies,Other / Mixed,1,keyword/other,Quick Bites
Crolo,Other / Mixed,1,keyword/other,
Crystal Jade Golden Palace,Other / Mixed,1,keyword/other,
Crystal Jade Palace,Other / Mixed,1,keyword/other,
Cô Chung,Other / Mixed,1,keyword/other,
D'LIFE SIGNATURE,Other / Mixed,1,keyword/other,Restaurants
DANCING CRAB,Other / Mixed,1,keyword/other,Restaurants
DE TASTE,Other / Mixed,1,keyword/other,Cafes & Desserts
Delibowl Express,Other / Mixed,1,keyword/other,Restaurant
Do Qoo 豆趣,Other / Mixed,1,keyword/other,Food Kiosk & Light Bites
Downstairs,Other / Mixed,1,keyword/other,
Du Du Dumplings,Other / Mixed,1,keyword/other,
Dulcet & Studio,Other / Mixed,1,keyword/other,
EATPIZZA,Other / Mixed,1,keyword/other,
EPIKebabs,Other / Mixed,1,keyword/other,Fast Food
Earle Swensen's,Other / Mixed,1,keyword/other,
East Treasure,Other / Mixed,1,keyword/other,Restaurant
Eat Rich,Other / Mixed,1,keyword/other,
Echo (Coming Soon),Other / Mixed,1,keyword/other,
Elfuego by COLLIN’S®,Other / Mixed,1,keyword/other,Restaurant
FIREPLACE BY BEDROCK,Other / Mixed,1,keyword/other,Restaurants
FISH MART SAKURAYA,Other / Mixed,1,keyword/other,Restaurants
FM Food Master,Other / Mixed,1,keyword/other,
FOURGATHER,Other / Mixed,1,keyword/other,Restaurants
FYP,Other / Mixed,1,keyword/other,Cafes & Desserts
Fa Ji Lao Wan Mian,Other / Mixed,1,keyword/other,
Farmer's Brew,Other / Mixed,1,keyword/other,
Folks Collective & Slurp Noodle Bar,Other / Mixed,1,keyword/other,Restaurant
Food Dynasty,Other / Mixed,1,keyword/other,
Fragrance Foodstuff,Other / Mixed,1,keyword/other,
GANGNAM STORY,Other / Mixed,1,keyword/other,Restaurants
GINKAKUJI ONISHI,Other / Mixed,1,keyword/other,
GINKYŌ BY KINKI,Other / Mixed,1,keyword/other,Restaurants
GINZA ANZU,Other / Mixed,1,keyword/other,
GLO (Coming Soon),Other / Mixed,1,keyword/other,
GODIVA,Other / Mixed,1,keyword/other,
GREYBOX COFFEE,Other / Mixed,1,keyword/other,
GWANGHWAMUN MIJIN,Other / Mixed,1,keyword/other,Restaurants
Gelatissimo,Other / Mixed,1,keyword/other,Quick Bites
Ging Sun Ho King of Bun,Other / Mixed,1,keyword/other,Restaurant
Giraffa,Other / Mixed,1,keyword/other,
GoGo Franks,Other / Mixed,1,keyword/other,
Gourmet Paradise @ The Dining Edition,Other / Mixed,1,keyword/other,
"Grand Cru, Wine Concierge",Other / Mixed,1,keyword/other,
Grand Konak Turkish and Lebanese Cuisine,Other / Mixed,1,keyword/other,Restaurant
Greendot Plus,Other / Mixed,1,keyword/other,Restaurant
Guerilla Coffee,Other / Mixed,1,keyword/other,
Gwangjang GAON,Other / Mixed,1,keyword/other,Restaurant
Gyo Gyo,Other / Mixed,1,keyword/other,
Gyukatsu 99,Other / Mixed,1,keyword/other,Restaurant
H&C Cafe,Other / Mixed,1,keyword/other,
HAPPY BITES,Other / Mixed,1,keyword/other,
HAPPY LAMB,Other / Mixed,1,keyword/other,Restaurants
HELEN'S ORCHARD CENTRAL,Other / Mixed,1,keyword/other,
HELLU COFFEE,Other / Mixed,1,keyword/other,Cafes & Desserts
HIKARU OMAKASE,Other / Mixed,1,keyword/other,Restaurants
HIPPOT 潮爷来了,Other / Mixed,1,keyword/other,Restaurants
HOMESTYLE CHINA,Other / Mixed,1,keyword/other,Restaurants
HUMBLE SEEDS,Other / Mixed,1,keyword/other,
HUMMINGBIRD,Other / Mixed,1,keyword/other,Restaurants
HUO LU HUO 火炉火,Other / Mixed,1,keyword/other,Restaurants
Hachi,Other / Mixed,1,keyword/other,
Hai Di Lao,Other / Mixed,1,keyword/other,
Hai Kah Lang,Other / Mixed,1,keyword/other,
Han's Union,Other / Mixed,1,keyword/other,
Hana K-Food,Other / Mixed,1,keyword/other,
Hanare by Takayama,Other / Mixed,1,keyword/other,
Hanis Cafe & Bakery,Other / Mixed,1,keyword/other,
Hankang Pocha,Other / Mixed,1,keyword/other,
Hannaembi,Other / Mixed,1,keyword/other,
Han’s Café,Other / Mixed,1,keyword/other,
Hao Lai Ke,Other / Mixed,1,keyword/other,Restaurant
Hao Wei Lai,Other / Mixed,1,keyword/other,
Happy Bites by Swee Heng,Other / Mixed,1,keyword/other,Bakery & Confectionery
Happy Lili Cafe,Other / Mixed,1,keyword/other,
Harry’s,Other / Mixed,1,keyword/other,
Hazuki Kaiseki,Other / Mixed,1,keyword/other,
Helen's,Other / Mixed,1,keyword/other,
Herbal Tea,Other / Mixed,1,keyword/other,
Here Kitty Kitty,Other / Mixed,1,keyword/other,
Heritage Tanglin Puff,Other / Mixed,1,keyword/other,Bakery & Confectionery
Hockhua Herbal Tea,Other / Mixed,1,keyword/other,
Holla Juice & Acai,Other / Mixed,1,keyword/other,
Home,Other / Mixed,1,keyword/other,Cafe & Dessert Bar
Hummus House by Pita & Olives,Other / Mixed,1,keyword/other,
IJOOZ,Other / Mixed,1,keyword/other,Light Bites & Food Kiosks
IKKOTEN,Other / Mixed,1,keyword/other,
IM JAI BY PUN IM,Other / Mixed,1,keyword/other,Restaurants
IMPERIAL TREASURE HUAIYANG CUISINE,Other / Mixed,1,keyword/other,
INDOSOUP PADANG,Other / Mixed,1,keyword/other,Light Bites & Food Kiosks
IRVINS,Other / Mixed,1,keyword/other,
Ichigo by Tea Cottage,Other / Mixed,1,keyword/other,
JAAN BY KIRK WESTAWAY,Other / Mixed,1,keyword/other,
JIAK,Other / Mixed,1,keyword/other,Restaurants
JIAK BA FOOD HEAVEN,Other / Mixed,1,keyword/other,Restaurants
JIANG HU MAO CAI,Other / Mixed,1,keyword/other,Restaurants
JO-YI BAKERY,Other / Mixed,1,keyword/other,
JOMO,Other / Mixed,1,keyword/other,
Jack's Place,Other / Mixed,1,keyword/other,Reservation
Janice Wong Singapore,Other / Mixed,1,keyword/other,
Ji De Chi,Other / Mixed,1,keyword/other,
Jia He Xing,Other / Mixed,1,keyword/other,
Jie Traditional Bakery,Other / Mixed,1,keyword/other,
Jimmy Monkey,Other / Mixed,1,keyword/other,
Jinjja Kitchen,Other / Mixed,1,keyword/other,
Jo's Cha,Other / Mixed,1,keyword/other,
KAFEY HAUS,Other / Mixed,1,keyword/other,Light Bites & Food Kiosks
KANE MOCHI,Other / Mixed,1,keyword/other,Quick Bites
KANEMOCHI,Other / Mixed,1,keyword/other,"Chocolates, Candies & Delicatessen"
KEDAIKUEKUE,Other / Mixed,1,keyword/other,
KEITAKU,Other / Mixed,1,keyword/other,
KEONBAE,Other / Mixed,1,keyword/other,Restaurants
KEUM EUN DON,Other / Mixed,1,keyword/other,Restaurants
KNOTS FLOWERS AND MORE,Other / Mixed,1,keyword/other,Pet-friendly | Pet-friendly retail stores
KOI The Express,Other / Mixed,1,keyword/other,
KOU TEPPAN,Other / Mixed,1,keyword/other,
KUMACHAN ONSEN,Other / Mixed,1,keyword/other,Restaurants
KURA OYSTER & HIGHBALL BAR,Other / Mixed,1,keyword/other,
KURIYA DINING,Other / Mixed,1,keyword/other,
Kaeden Cafe,Other / Mixed,1,keyword/other,Cafe & Dessert Bar
Kai Duck,Other / Mixed,1,keyword/other,
Kam's Roast,Other / Mixed,1,keyword/other,Restaurant
Kang Ji Sugar Coated Fruits,Other / Mixed,1,keyword/other,
Kantin,Other / Mixed,1,keyword/other,Restaurant
Killiney Since 1919,Other / Mixed,1,keyword/other,Breakfast
Koi Cafe Express,Other / Mixed,1,keyword/other,
Kok Sen Restaurant,Other / Mixed,1,keyword/other,
KopiTime,Other / Mixed,1,keyword/other,
Kott-Don 360,Other / Mixed,1,keyword/other,
Krush,Other / Mixed,1,keyword/other,
Kuan Zhai Alley 宽窄巷子,Other / Mixed,1,keyword/other,Restaurant
Kuan Zhai 宽窄碗碗香,Other / Mixed,1,keyword/other,
Kuroki,Other / Mixed,1,keyword/other,
L'ATELIER TIRAMISU,Other / Mixed,1,keyword/other,Cafes & Desserts
LAU WANG CLAYPOT,Other / Mixed,1,keyword/other,Restaurant
LAU WANG CLAYPOT LEGACY,Other / Mixed,1,keyword/other,Restaurants
LE Congee & Noodle House,Other / Mixed,1,keyword/other,Restaurant
LE PETIT KATONG,Other / Mixed,1,keyword/other,Cafes & Desserts
LINKUS HOKKIEN FLAVOR 临家,Other / Mixed,1,keyword/other,
Laaziiz,Other / Mixed,1,keyword/other,
Lady M,Other / Mixed,1,keyword/other,Cafe
Lady M Pop-up,Other / Mixed,1,keyword/other,
Lam Heung Ling,Other / Mixed,1,keyword/other,
Lao Jiang Superior Soup,Other / Mixed,1,keyword/other,Restaurant
Lawry's The Prime Rib,Other / Mixed,1,keyword/other,
LeMa Dumpling,Other / Mixed,1,keyword/other,Dine In
LeTAO le chocolat,Other / Mixed,1,keyword/other,
Levi’s®,Other / Mixed,1,keyword/other,
Liv.Eat,Other / Mixed,1,keyword/other,
Lola's,Other / Mixed,1,keyword/other,Cafe & Dessert Bar
London Fat Duck,Other / Mixed,1,keyword/other,
Lotteria,Other / Mixed,1,keyword/other,Fast Food
"Love, Joy & Coffee",Other / Mixed,1,keyword/other,
M&S FOOD,Other / Mixed,1,keyword/other,
MA-LAB,Other / Mixed,1,keyword/other,Restaurants
MAVRX COFFEE,Other / Mixed,1,keyword/other,
MIKI MIZU,Other / Mixed,1,keyword/other,
MIRAKU,Other / Mixed,1,keyword/other,Restaurants
MM 满巍明生炸鸡架,Other / Mixed,1,keyword/other,Food Kiosk & Light Bites
MOLLY TEA,Other / Mixed,1,keyword/other,Cafes & Desserts
MOON JUICE KOMBUCHA,Other / Mixed,1,keyword/other,
MR BEAN / DO QOO,Other / Mixed,1,keyword/other,Light Bites & Food Kiosks
MR YOUTIAO,Other / Mixed,1,keyword/other,Restaurants
MUN ZUK,Other / Mixed,1,keyword/other,Food Kiosk & Light Bites
Made's A Café,Other / Mixed,1,keyword/other,
Makan Street 福满街,Other / Mixed,1,keyword/other,
Malayan Settlement,Other / Mixed,1,keyword/other,Restaurant
Malts,Other / Mixed,1,keyword/other,
Matchaya,Other / Mixed,1,keyword/other,
McDonald's and McCafe,Other / Mixed,1,keyword/other,
Meat Co.,Other / Mixed,1,keyword/other,
Mei Kee Bakery,Other / Mixed,1,keyword/other,
Milkfish,Other / Mixed,1,keyword/other,Restaurant
Mini Bae,Other / Mixed,1,keyword/other,
Mini One,Other / Mixed,1,keyword/other,Bakery & Confectionery
Miss Tang's Rice Noodle 唐大小姐小锅米线,Other / Mixed,1,keyword/other,
Miss Tea,Other / Mixed,1,keyword/other,Food Kiosk & Light Bites
Mister Wheel,Other / Mixed,1,keyword/other,
Mmmm!,Other / Mixed,1,keyword/other,
Monarchs & Milkweed,Other / Mixed,1,keyword/other,Quick Bites
Moon Moon Food,Other / Mixed,1,keyword/other,
MoreYogurt,Other / Mixed,1,keyword/other,
Mr. Bucket Chocolaterie,Other / Mixed,1,keyword/other,
Muhan Sikdang,Other / Mixed,1,keyword/other,
Mun Zuk by Li Fang Congee,Other / Mixed,1,keyword/other,
Muyoo+,Other / Mixed,1,keyword/other,
NANTSUTTEI,Other / Mixed,1,keyword/other,Restaurants
NICK VINA ARTISAN BAKERY,Other / Mixed,1,keyword/other,Bakery & Confectionery
NIKUTOSAKE,Other / Mixed,1,keyword/other,
NOTHING BUT CHEESEBURGER (NBCB),Other / Mixed,1,keyword/other,Restaurants
Nai Nai Flavour,Other / Mixed,1,keyword/other,Restaurant
Nanjing Impressions,Other / Mixed,1,keyword/other,Restaurant
Nanyang Bliss,Other / Mixed,1,keyword/other,
Nasty Cookie and Nasty Bakehouse,Other / Mixed,1,keyword/other,
Nelly's Retro Snacks,Other / Mixed,1,keyword/other,
Nene Neko,Other / Mixed,1,keyword/other,
Nespresso,Other / Mixed,1,keyword/other,Food Kiosk & Light Bites
Nesuto,Other / Mixed,1,keyword/other,Cafe
Ningji,Other / Mixed,1,keyword/other,
Nong Geng Ji,Other / Mixed,1,keyword/other,Restaurant
Noodle Villa,Other / Mixed,1,keyword/other,
Nya Nya,Other / Mixed,1,keyword/other,
O'Coffee Club Indulgence,Other / Mixed,1,keyword/other,
O'ma Spoon,Other / Mixed,1,keyword/other,
OCHE,Other / Mixed,1,keyword/other,Restaurants
OFFBEAT BY COQ & BALLS,Other / Mixed,1,keyword/other,Restaurants
OISHII BAKERY,Other / Mixed,1,keyword/other,Bakery & Confectionery
OLLELLA,Other / Mixed,1,keyword/other,Bakery & Confectionery
ONCE UPON A THYME,Other / Mixed,1,keyword/other,Light Bites & Food Kiosks
ONORI,Other / Mixed,1,keyword/other,Restaurants
OSG Bar + Kitchen,Other / Mixed,1,keyword/other,
Olivia & Co.,Other / Mixed,1,keyword/other,
One Fermented Rice,Other / Mixed,1,keyword/other,
Onggii,Other / Mixed,1,keyword/other,
Oriental Food 东方美食,Other / Mixed,1,keyword/other,Restaurant
Oriental Herbal Tea,Other / Mixed,1,keyword/other,
PANDA CHAN,Other / Mixed,1,keyword/other,Light Bites & Food Kiosks
PANDA CHAN SNACK,Other / Mixed,1,keyword/other,
PARK BÄCKEREI,Other / Mixed,1,keyword/other,Bakery & Confectionery
PAUL Bakery & Restaurant,Other / Mixed,1,keyword/other,Breakfast
PUZZLE COFFEE,Other / Mixed,1,keyword/other,
Paris Baguette x teatra,Other / Mixed,1,keyword/other,Bakery & Confectionery
Peach Garden,Other / Mixed,1,keyword/other,
Pita Tree Kebabs,Other / Mixed,1,keyword/other,Food Kiosk & Light Bites
Pohang Seafood & Butchery,Other / Mixed,1,keyword/other,Seafood
Pondok Jawa,Other / Mixed,1,keyword/other,
Pop Play Planet Cafe,Other / Mixed,1,keyword/other,Cafe
Poulet Bijou,Other / Mixed,1,keyword/other,Restaurant
Project Acai,Other / Mixed,1,keyword/other,
Project AcaÃ­,Other / Mixed,1,keyword/other,
QQ Rice,Other / Mixed,1,keyword/other,
R-slice by Roberta's,Other / Mixed,1,keyword/other,
REAL FOOD,Other / Mixed,1,keyword/other,Restaurants
REE.CONNECT BY REE AND MUMMY,Other / Mixed,1,keyword/other,Cafes & Desserts
RENDEZVOUS RESTAURANT HOCK LOCK KEE,Other / Mixed,1,keyword/other,Restaurants
ROLLGAADI,Other / Mixed,1,keyword/other,
ROTIKEK,Other / Mixed,1,keyword/other,Bakery & Confectionery
ROYCE,Other / Mixed,1,keyword/other,"Chocolates, Candies & Delicatessen"
RYAN'S GROCERY,Other / Mixed,1,keyword/other,
RYAN'S KITCHEN,Other / Mixed,1,keyword/other,
Randy Indulgence Acai Bar,Other / Mixed,1,keyword/other,
Red House Seafood Nanyang,Other / Mixed,1,keyword/other,Restaurant
RedTail Bar By Zouk,Other / Mixed,1,keyword/other,
Retroholics by Tin Box,Other / Mixed,1,keyword/other,
Rich & Good Cake Shop,Other / Mixed,1,keyword/other,
Rico Rico,Other / Mixed,1,keyword/other,Restaurant
Ritz Apple Strudel & Pastry,Other / Mixed,1,keyword/other,
Rolling Rice @ The Dining Edition,Other / Mixed,1,keyword/other,
Rong Wantan Noodle,Other / Mixed,1,keyword/other,
Royal Host,Other / Mixed,1,keyword/other,Reservation
Rumah Sayang,Other / Mixed,1,keyword/other,
RÖSTII,Other / Mixed,1,keyword/other,Restaurants
SAIGON LEGEND,Other / Mixed,1,keyword/other,Restaurants
SCRAMBLED EGG RICE KEISUKE,Other / Mixed,1,keyword/other,
SF,Other / Mixed,1,keyword/other,
SF Farm Mart,Other / Mixed,1,keyword/other,
SF Juice,Other / Mixed,1,keyword/other,
SGFR Store,Other / Mixed,1,keyword/other,
SHA XIAN DELICACIES,Other / Mixed,1,keyword/other,Restaurants
SHE SELLS SEASHELLS,Other / Mixed,1,keyword/other,Restaurants
SIDES,Other / Mixed,1,keyword/other,Fast Food
SINFOODIE FOOD COURT,Other / Mixed,1,keyword/other,Food Hall
SIX HANDS,Other / Mixed,1,keyword/other,Light Bites & Food Kiosks
SKAI Bar,Other / Mixed,1,keyword/other,
SNACKFIRST,Other / Mixed,1,keyword/other,Bakery & Confectionery | Pet-friendly | Pet-friendly retail stores
SOFRA Turkish Cafe & Restaurant,Other / Mixed,1,keyword/other,
SOURBOMBE BAKERY,Other / Mixed,1,keyword/other,Cafes & Desserts | Pet-friendly | Pet-friendly takeaway food kiosks
SOUTH BANK,Other / Mixed,1,keyword/other,Restaurants
SUPER FRIED RICE,Other / Mixed,1,keyword/other,Light Bites & Food Kiosks
SURREY HILLS GROCER ONE HOLLAND VILLAGE,Other / Mixed,1,keyword/other,Cafes & Desserts | Pet-friendly | Pet-friendly restaurants
SYNTHESIS,Other / Mixed,1,keyword/other,
Sagye Lite,Other / Mixed,1,keyword/other,Restaurant
Saizeriya Ristorante E Caffe,Other / Mixed,1,keyword/other,
Sake +,Other / Mixed,1,keyword/other,
Salmon Warrior,Other / Mixed,1,keyword/other,
Sampanman,Other / Mixed,1,keyword/other,
Sampanman Kelong Changi,Other / Mixed,1,keyword/other,Restaurant
Saute-san,Other / Mixed,1,keyword/other,
Serangoon BBQ & Curry since 1983,Other / Mixed,1,keyword/other,
Seremban Kee Mei Siew Pow,Other / Mixed,1,keyword/other,
Shimbashi Soba,Other / Mixed,1,keyword/other,
Shiok Cup,Other / Mixed,1,keyword/other,
Signature KOI & KOI Thé,Other / Mixed,1,keyword/other,
Simply Retro by Tin Box,Other / Mixed,1,keyword/other,
Six Hands Daily,Other / Mixed,1,keyword/other,
Skythai Fastfood,Other / Mixed,1,keyword/other,
Sláinte,Other / Mixed,1,keyword/other,
Snack Box,Other / Mixed,1,keyword/other,
Song Fa Signatures,Other / Mixed,1,keyword/other,
Soup Cup,Other / Mixed,1,keyword/other,
Souper Baby by Soul Souper,Other / Mixed,1,keyword/other,
Starbucks Reserve,Other / Mixed,1,keyword/other,
Steam By Local Coffee People,Other / Mixed,1,keyword/other,Cafe & Dessert Bar
Store Testing,Other / Mixed,1,keyword/other,
Streats Cafe,Other / Mixed,1,keyword/other,
Stuff'd More,Other / Mixed,1,keyword/other,
Subway Niche,Other / Mixed,1,keyword/other,
SugarBelly,Other / Mixed,1,keyword/other,Quick Bites
Summer Acai,Other / Mixed,1,keyword/other,
Sunnyhills,Other / Mixed,1,keyword/other,
Super Dario Lasagne Cafe,Other / Mixed,1,keyword/other,
Swee Choon,Other / Mixed,1,keyword/other,
Swee Choon Express,Other / Mixed,1,keyword/other,
Swee Heng Classic 1989,Other / Mixed,1,keyword/other,
Swish Rolls,Other / Mixed,1,keyword/other,
TANDOORI CULTURE,Other / Mixed,1,keyword/other,Restaurants
TANUKI RAW,Other / Mixed,1,keyword/other,Restaurants
TEALER,Other / Mixed,1,keyword/other,Light Bites & Food Kiosks
TENDON KOHAKU,Other / Mixed,1,keyword/other,Restaurants
THAT SKEWER BAR,Other / Mixed,1,keyword/other,
THE ACAI TEAHOUSE,Other / Mixed,1,keyword/other,Cafes & Desserts
THE BERRY SPOT,Other / Mixed,1,keyword/other,
THE CANOPY CAFE,Other / Mixed,1,keyword/other,Cafes & Desserts
THE CRAIC HOUSE,Other / Mixed,1,keyword/other,Restaurants
THE OAKS CELLARS,Other / Mixed,1,keyword/other,
THE SHELF SIDE,Other / Mixed,1,keyword/other,Restaurants
THE STRAITS WINE COMPANY,Other / Mixed,1,keyword/other,Restaurants
THE WIRED MONKEY SG,Other / Mixed,1,keyword/other,Restaurants
TIPO STRADA,Other / Mixed,1,keyword/other,
TON COFFEE,Other / Mixed,1,keyword/other,Light Bites & Food Kiosks
TORI SANWA,Other / Mixed,1,keyword/other,
TSUI WAH RESTAURANT,Other / Mixed,1,keyword/other,Restaurants
TUNG LOK SEAFOOD RESTAURANT,Other / Mixed,1,keyword/other,Restaurants
TUNG LOK SIGNATURES,Other / Mixed,1,keyword/other,Restaurants
TUNG LOK TEAHOUSE,Other / Mixed,1,keyword/other,Restaurants
TWG Tea Salon & Boutique,Other / Mixed,1,keyword/other,Food Kiosk & Light Bites
TWO MEN BAGEL HOUSE,Other / Mixed,1,keyword/other,Restaurants
Tag Espresso,Other / Mixed,1,keyword/other,
Tanglin Cookhouse,Other / Mixed,1,keyword/other,
Teppan-yaki x Alley Wei,Other / Mixed,1,keyword/other,Bakery & Confectionery
Test 1206,Other / Mixed,1,keyword/other,
Testing 3,Other / Mixed,1,keyword/other,
Testing 7,Other / Mixed,1,keyword/other,
The Cake Shop,Other / Mixed,1,keyword/other,
The Coach Restaurant,Other / Mixed,1,keyword/other,Restaurant
The Coffee Scene,Other / Mixed,1,keyword/other,
The Cookie Museum at The Gallery,Other / Mixed,1,keyword/other,
The Dark Gallery,Other / Mixed,1,keyword/other,
The Eight,Other / Mixed,1,keyword/other,
The Food Market by Food Junction,Other / Mixed,1,keyword/other,
The Hainan Story,Other / Mixed,1,keyword/other,Breakfast
The Hainan Story Chapter Three,Other / Mixed,1,keyword/other,
The JellyHearts,Other / Mixed,1,keyword/other,
The Kind Bowl,Other / Mixed,1,keyword/other,
The Oyster Bank,Other / Mixed,1,keyword/other,
The Pack Protein & Salad bar,Other / Mixed,1,keyword/other,Food Kiosk & Light Bites
The Riverhouse,Other / Mixed,1,keyword/other,
The SGFR Store,Other / Mixed,1,keyword/other,
The Summer Acai,Other / Mixed,1,keyword/other,
Tim Hortons Coffee House Est. 1964,Other / Mixed,1,keyword/other,
Tipsy Bird Gastrobar,Other / Mixed,1,keyword/other,
Tomacado,Other / Mixed,1,keyword/other,
Tong Heng,Other / Mixed,1,keyword/other,
Tonkichi,Other / Mixed,1,keyword/other,
Treasures - Yi Dian Xin by Imperial Treasure,Other / Mixed,1,keyword/other,
Treasures Yi Dian Xin,Other / Mixed,1,keyword/other,Restaurant
Trehaus Café,Other / Mixed,1,keyword/other,
True Cost,Other / Mixed,1,keyword/other,
Tsuta,Other / Mixed,1,keyword/other,
Tsuzumi Dango つづみ団子,Other / Mixed,1,keyword/other,Food Kiosk & Light Bites
Tuk Tuk Cha,Other / Mixed,1,keyword/other,
Tun Xiang,Other / Mixed,1,keyword/other,
TungLok Seafood,Other / Mixed,1,keyword/other,
Turkish Lezzet House,Other / Mixed,1,keyword/other,
Twenty Loaf Toasties,Other / Mixed,1,keyword/other,
UM YONG BAEK,Other / Mixed,1,keyword/other,Restaurants
UNAGA,Other / Mixed,1,keyword/other,
UNATOTO,Other / Mixed,1,keyword/other,
Ultimate Midas Meal,Other / Mixed,1,keyword/other,
Umeya,Other / Mixed,1,keyword/other,"Chocolates, Candies & Delicatessen"
Unazen,Other / Mixed,1,keyword/other,
Vanda Botanical Desserts,Other / Mixed,1,keyword/other,
Veggie House,Other / Mixed,1,keyword/other,
Victoria Bakery,Other / Mixed,1,keyword/other,
Vox,Other / Mixed,1,keyword/other,
WEST CO'Z CAFE,Other / Mixed,1,keyword/other,Restaurants
WEWA,Other / Mixed,1,keyword/other,Restaurants
WINDOWSILL PIES,Other / Mixed,1,keyword/other,
WOOBBEE,Other / Mixed,1,keyword/other,Light Bites & Food Kiosks
WUSHILAND,Other / Mixed,1,keyword/other,Cafes & Desserts
Waffle Up,Other / Mixed,1,keyword/other,Cafe & Dessert Bar
Warabi-mochi Kamakura,Other / Mixed,1,keyword/other,
Wild Honey,Other / Mixed,1,keyword/other,
Will this appear,Other / Mixed,1,keyword/other,
Wonderful Bapsang,Other / Mixed,1,keyword/other,
Wu Fang Zhai,Other / Mixed,1,keyword/other,Takeaway
Wu Pao Chun,Other / Mixed,1,keyword/other,
XITA LAO TAITAI,Other / Mixed,1,keyword/other,Restaurant
Xiao Noodles,Other / Mixed,1,keyword/other,
Xin Yuan Ji,Other / Mixed,1,keyword/other,
YAKINIQUEST,Other / Mixed,1,keyword/other,
YANG Club,Other / Mixed,1,keyword/other,
YATSUDOKI,Other / Mixed,1,keyword/other,Cafes & Desserts
YIN JI 银记肠粉店,Other / Mixed,1,keyword/other,Restaurants
YM Bakery,Other / Mixed,1,keyword/other,
YO-CHI,Other / Mixed,1,keyword/other,Cafes & Desserts
YOASOBI BY KANPAI,Other / Mixed,1,keyword/other,
Yan Ji Gourmet Seafood Soup,Other / Mixed,1,keyword/other,Restaurant
Yong Fu,Other / Mixed,1,keyword/other,
Yum Yum Tod Tod,Other / Mixed,1,keyword/other,Food Kiosk & Light Bites
Yummi Bites,Other / Mixed,1,keyword/other,
Yummi House,Other / Mixed,1,keyword/other,
Yun Nans,Other / Mixed,1,keyword/other,Reservation
Zheng Neng Zhu La Mian,Other / Mixed,1,keyword/other,Restaurant
Zhong Yan Tang,Other / Mixed,1,keyword/other,
Zing,Other / Mixed,1,keyword/other,
alittle 1㸃㸃,Other / Mixed,1,keyword/other,Cafes & Desserts
elemen 元素™,Other / Mixed,1,keyword/other,
llao llao,Other / Mixed,1,keyword/other,
smol,Other / Mixed,1,keyword/other,
snacKING Retro Biscuits Express,Other / Mixed,1,keyword/other,
testing 4,Other / Mixed,1,keyword/other,
xxx123,Other / Mixed,1,keyword/other,
爭鮮 GOGO,Other / Mixed,1,keyword/other,
老2靓汤 FAST SOUP,Other / Mixed,1,keyword/other,
谭木匠 Tan Mujiang,Other / Mixed,1,keyword/other,
Sanook Kitchen,Other Asian,19,curated,Restaurant
TALAD THAI BANANA,Other Asian,13,curated,Food Kiosk & Light Bites
Potato Corner,Other Asian,12,curated,Food Kiosk & Light Bites
Jollibee,Other Asian,9,curated,Fast Food
Go-Ang Pratunam Chicken Rice,Other Asian,5,curated,Restaurant
Saap Saap Thai,Other Asian,4,curated,Restaurant
So Pho,Other Asian,4,curated,Restaurant
Bali Thai,Other Asian,3,keyword/other,
Poke Theory,Other Asian,3,curated,
Tokyo Shokudo,Other Asian,3,keyword/other,Restaurant
CHILCHIL THAI STREET KITCHEN,Other Asian,2,keyword/other,Restaurants
COCA,Other Asian,2,keyword/other,
Menya Kokoro,Other Asian,2,keyword/other,Restaurant
Mrs Pho,Other Asian,2,curated,Restaurant
NamNam,Other Asian,2,curated,Restaurant
2GATHER,Other Asian,1,keyword/other,
49 Seats,Other Asian,1,keyword/other,
A-Roy Thai Restaurant,Other Asian,1,keyword/other,
BALIthai,Other Asian,1,keyword/other,Restaurant
BANGKOK JAM,Other Asian,1,curated,
BANH MI SOCIETY,Other Asian,1,keyword/other,Light Bites & Food Kiosks
Cajun On Wheels,Other Asian,1,keyword/other,
Chef Vo Quoc Vietnamese Cuisines,Other Asian,1,keyword/other,
Homm Dessert at Heart,Other Asian,1,keyword/other,Cafe & Dessert Bar
IM-EM Thai Kitchen,Other Asian,1,keyword/other,Restaurant
Little Saigon,Other Asian,1,keyword/other,Restaurant
Nakhon Kitchen,Other Asian,1,curated,
Nana Original Thai Food,Other Asian,1,keyword/other,Restaurant
Nana Thai Royale,Other Asian,1,keyword/other,
PHO VIETZ,Other Asian,1,keyword/other,
Paad Paad Tha!,Other Asian,1,keyword/other,
Paper Rice Vietnamese Kitchen,Other Asian,1,keyword/other,
Pop Thai,Other Asian,1,keyword/other,
Pratunam Plus,Other Asian,1,keyword/other,Restaurant
Pratunam by Soi Thai Soi Nice,Other Asian,1,keyword/other,
Sakon Thai,Other Asian,1,keyword/other,
Sakon Thai Village,Other Asian,1,keyword/other,
Secret Recipe,Other Asian,1,keyword/other,Restaurant
THACHANG SG,Other Asian,1,keyword/other,Restaurant
THAI BOWL BY THAI SALAD BOWL,Other Asian,1,keyword/other,Cafes & Desserts
Thai Baang,Other Asian,1,keyword/other,
Thai Market By Thai Supermarket,Other Asian,1,keyword/other,
ThaiExpress,Other Asian,1,keyword/other,Restaurant
Viet Thai Kitchen,Other Asian,1,keyword/other,
Wokker by A-Roy Thai Restaurant,Other Asian,1,keyword/other,
Yum Yum Thai,Other Asian,1,keyword/other,
saap saap thai x kaffe & toast,Other Asian,1,keyword/other,
