,313@somerset,AMK Hub,Aperia Mall,Bedok Mall,Bugis Junction (Part of Bugis Town),Bugis+ (Part of Bugis Town),CQ @ Clarke Quay,Causeway Point,Century Square,City Square Mall,Clarke Quay Central,Far East Square,Funan,Great World,Greenwich V,HillV2,Hougang 1,Hougang Mall,IMM Building,ION Orchard,Icon Village,Jem,Jewel Changi Airport,Junction 10,Junction 8,Jurong Point,Katong V,Lot One Shoppers' Mall,Lucky Chinatown,Mandarin Gallery,Marina Square,Ngee Ann City,Northpoint City,One Holland Village,Orchard Central,PLQ Mall,Pacific Plaza,Paragon,Plaza Singapura,Raffles City Shopping Centre,Riverside Point,Sengkang Grand Mall,Square 2,Suntec City,Swing By @ Thomson Plaza,Tampines 1,Tampines Mall,The Centrepoint,The Shoppes at Marina Bay Sands,Tiong Bahru Plaza,United Square,Valley Point,Velocity@Novena Square,VivoCity,Waterway Point,West Coast Plaza,Westgate,White Sands,Wisma Atria
313@somerset,1.0,0.059,0.035,0.064,0.071,0.04,0.0,0.068,0.044,0.078,0.026,0.006,0.055,0.053,0.025,0.018,0.029,0.066,0.028,0.051,0.006,0.102,0.087,0.006,0.073,0.07,0.0,0.076,0.0,0.0,0.035,0.025,0.067,0.049,0.0,0.074,0.006,0.028,0.067,0.047,0.006,0.041,0.026,0.078,0.049,0.066,0.047,0.015,0.032,0.055,0.041,0.006,0.074,0.028,0.087,0.022,0.061,0.068,0.072
AMK Hub,0.059,1.0,0.042,0.185,0.085,0.038,0.004,0.155,0.084,0.101,0.017,0.004,0.068,0.077,0.027,0.022,0.057,0.146,0.061,0.043,0.0,0.146,0.064,0.012,0.127,0.207,0.004,0.152,0.004,0.0,0.022,0.023,0.17,0.034,0.0,0.099,0.004,0.039,0.097,0.05,0.0,0.09,0.053,0.078,0.061,0.077,0.1,0.033,0.015,0.173,0.045,0.014,0.083,0.025,0.156,0.031,0.067,0.161,0.038
Aperia Mall,0.035,0.042,1.0,0.032,0.03,0.019,0.0,0.025,0.024,0.038,0.018,0.01,0.032,0.033,0.022,0.033,0.039,0.049,0.017,0.021,0.01,0.026,0.035,0.019,0.035,0.025,0.0,0.039,0.0,0.0,0.033,0.009,0.033,0.031,0.0,0.031,0.011,0.019,0.026,0.019,0.011,0.04,0.026,0.029,0.043,0.037,0.014,0.015,0.004,0.039,0.039,0.024,0.038,0.007,0.032,0.032,0.033,0.061,0.018
Bedok Mall,0.064,0.185,0.032,1.0,0.118,0.036,0.004,0.193,0.108,0.155,0.024,0.004,0.076,0.09,0.019,0.018,0.031,0.156,0.071,0.056,0.004,0.153,0.081,0.013,0.19,0.174,0.004,0.211,0.0,0.004,0.041,0.027,0.185,0.066,0.021,0.102,0.005,0.043,0.107,0.058,0.005,0.093,0.058,0.084,0.069,0.083,0.114,0.041,0.017,0.167,0.076,0.019,0.108,0.033,0.18,0.043,0.109,0.162,0.046
Bugis Junction (Part of Bugis Town),0.071,0.085,0.03,0.118,1.0,0.021,0.0,0.111,0.043,0.074,0.015,0.004,0.046,0.08,0.015,0.015,0.018,0.075,0.045,0.086,0.0,0.128,0.096,0.011,0.142,0.082,0.0,0.097,0.0,0.0,0.034,0.043,0.107,0.034,0.012,0.071,0.004,0.061,0.099,0.068,0.0,0.038,0.025,0.085,0.042,0.076,0.105,0.038,0.036,0.09,0.038,0.008,0.087,0.022,0.112,0.024,0.08,0.079,0.076
Bugis+ (Part of Bugis Town),0.04,0.038,0.019,0.036,0.021,1.0,0.0,0.047,0.03,0.038,0.01,0.0,0.014,0.023,0.026,0.017,0.008,0.026,0.022,0.028,0.008,0.033,0.023,0.008,0.039,0.035,0.0,0.035,0.0,0.0,0.016,0.008,0.029,0.005,0.005,0.039,0.009,0.014,0.057,0.032,0.008,0.022,0.009,0.037,0.035,0.007,0.043,0.013,0.017,0.039,0.034,0.009,0.038,0.006,0.032,0.016,0.043,0.035,0.049
CQ @ Clarke Quay,0.0,0.004,0.0,0.004,0.0,0.0,1.0,0.004,0.005,0.008,0.0,0.0,0.004,0.0,0.0,0.0,0.01,0.0,0.0,0.0,0.0,0.003,0.003,0.0,0.004,0.002,0.011,0.005,0.0,0.007,0.0,0.0,0.002,0.006,0.007,0.008,0.0,0.0,0.0,0.003,0.0,0.014,0.005,0.0,0.009,0.0,0.005,0.005,0.0,0.005,0.0,0.013,0.0,0.0,0.004,0.0,0.007,0.005,0.0
Causeway Point,0.068,0.155,0.025,0.193,0.111,0.047,0.004,1.0,0.093,0.132,0.019,0.004,0.057,0.098,0.021,0.012,0.036,0.157,0.061,0.06,0.004,0.157,0.081,0.008,0.185,0.186,0.004,0.224,0.0,0.0,0.033,0.034,0.196,0.043,0.013,0.133,0.0,0.032,0.113,0.059,0.004,0.088,0.044,0.097,0.062,0.103,0.153,0.034,0.028,0.164,0.063,0.008,0.099,0.037,0.239,0.023,0.102,0.174,0.053
Century Square,0.044,0.084,0.024,0.108,0.043,0.03,0.005,0.093,1.0,0.057,0.017,0.011,0.034,0.049,0.018,0.018,0.04,0.102,0.039,0.012,0.005,0.082,0.038,0.011,0.075,0.092,0.006,0.09,0.0,0.0,0.032,0.014,0.137,0.025,0.0,0.079,0.006,0.015,0.053,0.02,0.0,0.059,0.033,0.06,0.042,0.025,0.017,0.033,0.011,0.102,0.052,0.019,0.055,0.009,0.101,0.021,0.066,0.116,0.034
City Square Mall,0.078,0.101,0.038,0.155,0.074,0.038,0.008,0.132,0.057,1.0,0.023,0.004,0.064,0.087,0.017,0.022,0.051,0.114,0.045,0.045,0.0,0.125,0.071,0.012,0.135,0.133,0.008,0.157,0.004,0.004,0.05,0.017,0.142,0.059,0.013,0.098,0.004,0.038,0.084,0.054,0.004,0.084,0.055,0.088,0.048,0.056,0.108,0.045,0.019,0.13,0.072,0.022,0.078,0.024,0.154,0.056,0.073,0.11,0.044
Clarke Quay Central,0.026,0.017,0.018,0.024,0.015,0.01,0.0,0.019,0.017,0.023,1.0,0.015,0.007,0.019,0.008,0.024,0.0,0.031,0.019,0.013,0.0,0.02,0.02,0.007,0.027,0.021,0.0,0.012,0.008,0.0,0.019,0.008,0.016,0.032,0.005,0.017,0.008,0.01,0.018,0.017,0.0,0.016,0.009,0.021,0.041,0.014,0.012,0.013,0.01,0.025,0.028,0.008,0.028,0.005,0.029,0.01,0.018,0.021,0.026
Far East Square,0.006,0.004,0.01,0.004,0.004,0.0,0.0,0.004,0.011,0.004,0.015,1.0,0.009,0.004,0.0,0.0,0.0,0.0,0.004,0.003,0.0,0.007,0.003,0.0,0.01,0.005,0.0,0.006,0.0,0.0,0.004,0.0,0.005,0.008,0.0,0.0,0.0,0.004,0.006,0.003,0.0,0.0,0.006,0.005,0.011,0.0,0.0,0.0,0.0,0.006,0.007,0.0,0.0,0.008,0.004,0.0,0.004,0.006,0.0
Funan,0.055,0.068,0.032,0.076,0.046,0.014,0.004,0.057,0.034,0.064,0.007,0.009,1.0,0.06,0.014,0.005,0.036,0.058,0.042,0.038,0.009,0.065,0.039,0.004,0.072,0.07,0.005,0.057,0.0,0.0,0.025,0.024,0.069,0.036,0.011,0.058,0.0,0.021,0.066,0.027,0.0,0.065,0.035,0.055,0.038,0.05,0.05,0.025,0.018,0.056,0.027,0.005,0.037,0.007,0.078,0.029,0.064,0.074,0.011
Great World,0.053,0.077,0.033,0.09,0.08,0.023,0.0,0.098,0.049,0.087,0.019,0.004,0.06,1.0,0.017,0.021,0.036,0.081,0.044,0.047,0.004,0.093,0.074,0.008,0.128,0.087,0.008,0.09,0.0,0.01,0.036,0.034,0.097,0.061,0.023,0.067,0.004,0.07,0.083,0.084,0.004,0.052,0.029,0.094,0.042,0.074,0.092,0.044,0.019,0.067,0.06,0.013,0.079,0.027,0.11,0.033,0.074,0.091,0.039
Greenwich V,0.025,0.027,0.022,0.019,0.015,0.026,0.0,0.021,0.018,0.017,0.008,0.0,0.014,0.017,1.0,0.156,0.0,0.024,0.016,0.003,0.0,0.022,0.004,0.049,0.032,0.023,0.0,0.024,0.0,0.0,0.0,0.012,0.009,0.025,0.0,0.028,0.0,0.009,0.01,0.022,0.0,0.028,0.013,0.02,0.026,0.014,0.018,0.019,0.004,0.03,0.044,0.048,0.035,0.009,0.025,0.053,0.015,0.025,0.008
HillV2,0.018,0.022,0.033,0.018,0.015,0.017,0.0,0.012,0.018,0.022,0.024,0.0,0.005,0.021,0.156,1.0,0.015,0.031,0.016,0.007,0.015,0.018,0.007,0.03,0.015,0.02,0.0,0.024,0.0,0.0,0.012,0.006,0.017,0.025,0.0,0.023,0.02,0.014,0.019,0.021,0.019,0.027,0.006,0.02,0.025,0.009,0.011,0.018,0.004,0.035,0.058,0.091,0.034,0.009,0.024,0.06,0.019,0.03,0.016
Hougang 1,0.029,0.057,0.039,0.031,0.018,0.008,0.01,0.036,0.04,0.051,0.0,0.0,0.036,0.036,0.0,0.015,1.0,0.044,0.008,0.006,0.013,0.039,0.02,0.013,0.05,0.042,0.014,0.057,0.015,0.0,0.02,0.005,0.04,0.007,0.0,0.04,0.0,0.004,0.022,0.014,0.0,0.058,0.036,0.022,0.056,0.018,0.05,0.017,0.004,0.069,0.047,0.017,0.019,0.016,0.043,0.031,0.022,0.09,0.015
Hougang Mall,0.066,0.146,0.049,0.156,0.075,0.026,0.0,0.157,0.102,0.114,0.031,0.0,0.058,0.081,0.024,0.031,0.044,1.0,0.061,0.035,0.0,0.113,0.058,0.021,0.128,0.139,0.0,0.175,0.0,0.0,0.032,0.016,0.14,0.047,0.005,0.107,0.008,0.042,0.062,0.043,0.0,0.13,0.058,0.075,0.06,0.074,0.091,0.052,0.019,0.201,0.078,0.025,0.113,0.016,0.184,0.048,0.071,0.242,0.031
IMM Building,0.028,0.061,0.017,0.071,0.045,0.022,0.0,0.061,0.039,0.045,0.019,0.004,0.042,0.044,0.016,0.016,0.008,0.061,1.0,0.02,0.004,0.044,0.034,0.004,0.064,0.047,0.0,0.066,0.0,0.0,0.018,0.014,0.064,0.025,0.0,0.05,0.0,0.029,0.061,0.036,0.004,0.036,0.011,0.044,0.029,0.027,0.059,0.019,0.011,0.062,0.036,0.0,0.051,0.016,0.071,0.019,0.031,0.06,0.028
ION Orchard,0.051,0.043,0.021,0.056,0.086,0.028,0.0,0.06,0.012,0.045,0.013,0.003,0.038,0.047,0.003,0.007,0.006,0.035,0.02,1.0,0.003,0.093,0.112,0.0,0.052,0.041,0.0,0.039,0.0,0.009,0.019,0.052,0.059,0.025,0.011,0.049,0.003,0.065,0.082,0.107,0.007,0.031,0.025,0.062,0.022,0.043,0.068,0.012,0.189,0.039,0.029,0.003,0.047,0.025,0.061,0.016,0.065,0.04,0.033
Icon Village,0.006,0.0,0.01,0.004,0.0,0.008,0.0,0.004,0.005,0.0,0.0,0.0,0.009,0.004,0.0,0.015,0.013,0.0,0.004,0.003,1.0,0.0,0.003,0.0,0.0,0.0,0.0,0.005,0.0,0.0,0.004,0.0,0.005,0.007,0.0,0.004,0.0,0.004,0.003,0.007,0.016,0.008,0.006,0.002,0.0,0.0,0.0,0.0,0.0,0.005,0.006,0.0,0.006,0.0,0.0,0.0,0.004,0.006,0.007
Jem,0.102,0.146,0.026,0.153,0.128,0.033,0.003,0.157,0.082,0.125,0.02,0.007,0.065,0.093,0.022,0.018,0.039,0.113,0.044,0.093,0.0,1.0,0.097,0.007,0.141,0.154,0.004,0.131,0.0,0.0,0.047,0.042,0.158,0.051,0.015,0.132,0.004,0.049,0.126,0.089,0.0,0.069,0.043,0.117,0.048,0.104,0.146,0.034,0.038,0.14,0.06,0.011,0.087,0.043,0.155,0.033,0.023,0.129,0.057
Jewel Changi Airport,0.087,0.064,0.035,0.081,0.096,0.023,0.003,0.081,0.038,0.071,0.02,0.003,0.039,0.074,0.004,0.007,0.02,0.058,0.034,0.112,0.003,0.097,1.0,0.0,0.078,0.065,0.003,0.083,0.0,0.006,0.03,0.023,0.092,0.041,0.017,0.06,0.004,0.073,0.097,0.07,0.007,0.036,0.034,0.11,0.043,0.052,0.051,0.015,0.072,0.068,0.03,0.007,0.061,0.027,0.11,0.02,0.061,0.069,0.062
Junction 10,0.006,0.012,0.019,0.013,0.011,0.008,0.0,0.008,0.011,0.012,0.007,0.0,0.004,0.008,0.049,0.03,0.013,0.021,0.004,0.0,0.0,0.007,0.0,1.0,0.019,0.01,0.028,0.016,0.015,0.0,0.0,0.0,0.011,0.0,0.008,0.004,0.0,0.009,0.003,0.0,0.015,0.016,0.006,0.009,0.0,0.004,0.011,0.006,0.0,0.016,0.019,0.034,0.006,0.0,0.015,0.063,0.011,0.028,0.007
Junction 8,0.073,0.127,0.035,0.19,0.142,0.039,0.004,0.185,0.075,0.135,0.027,0.01,0.072,0.128,0.032,0.015,0.05,0.128,0.064,0.052,0.0,0.141,0.078,0.019,1.0,0.161,0.005,0.216,0.005,0.0,0.032,0.023,0.149,0.043,0.008,0.119,0.0,0.052,0.143,0.067,0.0,0.093,0.041,0.101,0.066,0.099,0.164,0.027,0.021,0.178,0.083,0.022,0.106,0.037,0.193,0.035,0.116,0.159,0.067
Jurong Point,0.07,0.207,0.025,0.174,0.082,0.035,0.002,0.186,0.092,0.133,0.021,0.005,0.07,0.087,0.023,0.02,0.042,0.139,0.047,0.041,0.0,0.154,0.065,0.01,0.161,1.0,0.002,0.172,0.005,0.0,0.035,0.025,0.236,0.035,0.009,0.117,0.002,0.032,0.103,0.053,0.0,0.086,0.043,0.123,0.072,0.106,0.121,0.028,0.012,0.156,0.053,0.013,0.091,0.02,0.191,0.044,0.107,0.16,0.037
Katong V,0.0,0.004,0.0,0.004,0.0,0.0,0.011,0.004,0.006,0.008,0.0,0.0,0.005,0.008,0.0,0.0,0.014,0.0,0.0,0.0,0.0,0.004,0.003,0.028,0.005,0.002,1.0,0.006,0.0,0.0,0.0,0.0,0.002,0.0,0.0,0.009,0.0,0.0,0.0,0.0,0.0,0.008,0.006,0.0,0.011,0.0,0.006,0.006,0.0,0.006,0.007,0.019,0.006,0.0,0.008,0.008,0.0,0.006,0.0
Lot One Shoppers' Mall,0.076,0.152,0.039,0.211,0.097,0.035,0.005,0.224,0.09,0.157,0.012,0.006,0.057,0.09,0.024,0.024,0.057,0.175,0.066,0.039,0.005,0.131,0.083,0.016,0.216,0.172,0.006,1.0,0.006,0.0,0.034,0.014,0.171,0.025,0.013,0.114,0.0,0.033,0.106,0.057,0.006,0.11,0.053,0.084,0.093,0.064,0.131,0.025,0.014,0.216,0.069,0.019,0.112,0.018,0.19,0.034,0.084,0.21,0.047
Lucky Chinatown,0.0,0.004,0.0,0.0,0.0,0.0,0.0,0.0,0.0,0.004,0.008,0.0,0.0,0.0,0.0,0.0,0.015,0.0,0.0,0.0,0.0,0.0,0.0,0.015,0.005,0.005,0.0,0.006,1.0,0.0,0.0,0.0,0.005,0.0,0.0,0.0,0.0,0.0,0.0,0.0,0.0,0.0,0.0,0.002,0.0,0.0,0.0,0.0,0.0,0.006,0.0,0.0,0.0,0.0,0.0,0.008,0.004,0.006,0.008
Mandarin Gallery,0.0,0.0,0.0,0.004,0.0,0.0,0.007,0.0,0.0,0.004,0.0,0.0,0.0,0.01,0.0,0.0,0.0,0.0,0.0,0.009,0.0,0.0,0.006,0.0,0.0,0.0,0.0,0.0,0.0,1.0,0.003,0.014,0.004,0.006,0.0,0.0,0.0,0.011,0.0,0.009,0.0,0.006,0.005,0.0,0.0,0.0,0.0,0.0,0.025,0.004,0.0,0.0,0.0,0.0,0.0,0.0,0.006,0.0,0.0
Marina Square,0.035,0.022,0.033,0.041,0.034,0.016,0.0,0.033,0.032,0.05,0.019,0.004,0.025,0.036,0.0,0.012,0.02,0.032,0.018,0.019,0.004,0.047,0.03,0.0,0.032,0.035,0.0,0.034,0.0,0.003,1.0,0.017,0.044,0.016,0.0,0.038,0.004,0.022,0.041,0.019,0.004,0.024,0.029,0.034,0.019,0.031,0.014,0.023,0.007,0.034,0.025,0.004,0.021,0.007,0.055,0.01,0.036,0.044,0.026
Ngee Ann City,0.025,0.023,0.009,0.027,0.043,0.008,0.0,0.034,0.014,0.017,0.008,0.0,0.024,0.034,0.012,0.006,0.005,0.016,0.014,0.052,0.0,0.042,0.023,0.0,0.023,0.025,0.0,0.014,0.0,0.014,0.017,1.0,0.017,0.021,0.004,0.03,0.0,0.024,0.035,0.057,0.0,0.009,0.004,0.035,0.01,0.028,0.028,0.014,0.081,0.024,0.011,0.0,0.034,0.013,0.033,0.017,0.029,0.025,0.012
Northpoint City,0.067,0.17,0.033,0.185,0.107,0.029,0.002,0.196,0.137,0.142,0.016,0.005,0.069,0.097,0.009,0.017,0.04,0.14,0.064,0.059,0.005,0.158,0.092,0.011,0.149,0.236,0.002,0.171,0.005,0.004,0.044,0.017,1.0,0.042,0.008,0.116,0.002,0.042,0.123,0.057,0.002,0.111,0.049,0.114,0.053,0.103,0.122,0.034,0.015,0.18,0.061,0.012,0.087,0.019,0.232,0.035,0.137,0.185,0.046
One Holland Village,0.049,0.034,0.031,0.066,0.034,0.005,0.006,0.043,0.025,0.059,0.032,0.008,0.036,0.061,0.025,0.025,0.007,0.047,0.025,0.025,0.007,0.051,0.041,0.0,0.043,0.035,0.0,0.025,0.0,0.006,0.016,0.021,0.042,1.0,0.005,0.035,0.017,0.032,0.032,0.053,0.0,0.034,0.018,0.032,0.041,0.044,0.034,0.031,0.013,0.034,0.049,0.009,0.048,0.017,0.045,0.032,0.046,0.048,0.021
Orchard Central,0.0,0.0,0.0,0.021,0.012,0.005,0.007,0.013,0.0,0.013,0.005,0.0,0.011,0.023,0.0,0.0,0.0,0.005,0.0,0.011,0.0,0.015,0.017,0.008,0.008,0.009,0.0,0.013,0.0,0.0,0.0,0.004,0.008,0.005,1.0,0.018,0.0,0.007,0.008,0.014,0.0,0.011,0.009,0.021,0.007,0.015,0.008,0.004,0.003,0.008,0.0,0.009,0.019,0.0,0.016,0.011,0.012,0.004,0.0
PLQ Mall,0.074,0.099,0.031,0.102,0.071,0.039,0.008,0.133,0.079,0.098,0.017,0.0,0.058,0.067,0.028,0.023,0.04,0.107,0.05,0.049,0.004,0.132,0.06,0.004,0.119,0.117,0.009,0.114,0.0,0.0,0.038,0.03,0.116,0.035,0.018,1.0,0.0,0.037,0.072,0.058,0.005,0.084,0.051,0.082,0.055,0.088,0.075,0.024,0.02,0.128,0.064,0.014,0.089,0.029,0.123,0.028,0.076,0.108,0.039
Pacific Plaza,0.006,0.004,0.011,0.005,0.004,0.009,0.0,0.0,0.006,0.004,0.008,0.0,0.0,0.004,0.0,0.02,0.0,0.008,0.0,0.003,0.0,0.004,0.004,0.0,0.0,0.002,0.0,0.0,0.0,0.0,0.004,0.0,0.002,0.017,0.0,0.0,1.0,0.005,0.003,0.004,0.0,0.0,0.0,0.002,0.013,0.0,0.0,0.006,0.0,0.0,0.007,0.024,0.007,0.0,0.004,0.009,0.004,0.006,0.008
Paragon,0.028,0.039,0.019,0.043,0.061,0.014,0.0,0.032,0.015,0.038,0.01,0.004,0.021,0.07,0.009,0.014,0.004,0.042,0.029,0.065,0.004,0.049,0.073,0.009,0.052,0.032,0.0,0.033,0.0,0.011,0.022,0.024,0.042,0.032,0.007,0.037,0.005,1.0,0.047,0.099,0.009,0.029,0.012,0.045,0.024,0.024,0.042,0.015,0.096,0.042,0.047,0.005,0.046,0.029,0.047,0.021,0.035,0.046,0.035
Plaza Singapura,0.067,0.097,0.026,0.107,0.099,0.057,0.0,0.113,0.053,0.084,0.018,0.006,0.066,0.083,0.01,0.019,0.022,0.062,0.061,0.082,0.003,0.126,0.097,0.003,0.143,0.103,0.0,0.106,0.0,0.0,0.041,0.035,0.123,0.032,0.008,0.072,0.003,0.047,1.0,0.082,0.003,0.044,0.022,0.107,0.036,0.084,0.116,0.021,0.035,0.081,0.054,0.01,0.064,0.041,0.131,0.016,0.105,0.082,0.051
Raffles City Shopping Centre,0.047,0.05,0.019,0.058,0.068,0.032,0.003,0.059,0.02,0.054,0.017,0.003,0.027,0.084,0.022,0.021,0.014,0.043,0.036,0.107,0.007,0.089,0.07,0.0,0.067,0.053,0.0,0.057,0.0,0.009,0.019,0.057,0.057,0.053,0.014,0.058,0.004,0.099,0.082,1.0,0.003,0.045,0.015,0.057,0.026,0.044,0.073,0.023,0.067,0.062,0.038,0.004,0.058,0.027,0.061,0.017,0.068,0.058,0.05
Riverside Point,0.006,0.0,0.011,0.005,0.0,0.008,0.0,0.004,0.0,0.004,0.0,0.0,0.0,0.004,0.0,0.019,0.0,0.0,0.004,0.007,0.016,0.0,0.007,0.015,0.0,0.0,0.0,0.006,0.0,0.0,0.004,0.0,0.002,0.0,0.0,0.005,0.0,0.009,0.003,0.003,1.0,0.018,0.006,0.002,0.0,0.0,0.0,0.0,0.0,0.006,0.007,0.0,0.007,0.0,0.0,0.008,0.004,0.006,0.008
Sengkang Grand Mall,0.041,0.09,0.04,0.093,0.038,0.022,0.014,0.088,0.059,0.084,0.016,0.0,0.065,0.052,0.028,0.027,0.058,0.13,0.036,0.031,0.008,0.069,0.036,0.016,0.093,0.086,0.008,0.11,0.0,0.006,0.024,0.009,0.111,0.034,0.011,0.084,0.0,0.029,0.044,0.045,0.018,1.0,0.042,0.039,0.075,0.05,0.063,0.018,0.01,0.108,0.084,0.019,0.077,0.006,0.11,0.022,0.078,0.138,0.016
Square 2,0.026,0.053,0.026,0.058,0.025,0.009,0.005,0.044,0.033,0.055,0.009,0.006,0.035,0.029,0.013,0.006,0.036,0.058,0.011,0.025,0.006,0.043,0.034,0.006,0.041,0.043,0.006,0.053,0.0,0.005,0.029,0.004,0.049,0.018,0.009,0.051,0.0,0.012,0.022,0.015,0.006,0.042,1.0,0.032,0.022,0.036,0.022,0.022,0.003,0.056,0.004,0.007,0.008,0.009,0.053,0.013,0.024,0.045,0.036
Suntec City,0.078,0.078,0.029,0.084,0.085,0.037,0.0,0.097,0.06,0.088,0.021,0.005,0.055,0.094,0.02,0.02,0.022,0.075,0.044,0.062,0.002,0.117,0.11,0.009,0.101,0.123,0.0,0.084,0.002,0.0,0.034,0.035,0.114,0.032,0.021,0.082,0.002,0.045,0.107,0.057,0.002,0.039,0.032,1.0,0.03,0.065,0.081,0.029,0.034,0.068,0.043,0.01,0.078,0.017,0.119,0.037,0.084,0.077,0.047
Swing By @ Thomson Plaza,0.049,0.061,0.043,0.069,0.042,0.035,0.009,0.062,0.042,0.048,0.041,0.011,0.038,0.042,0.026,0.025,0.056,0.06,0.029,0.022,0.0,0.048,0.043,0.0,0.066,0.072,0.011,0.093,0.0,0.0,0.019,0.01,0.053,0.041,0.007,0.055,0.013,0.024,0.036,0.026,0.0,0.075,0.022,0.03,1.0,0.039,0.046,0.021,0.007,0.063,0.061,0.027,0.053,0.007,0.065,0.064,0.031,0.088,0.02
Tampines 1,0.066,0.077,0.037,0.083,0.076,0.007,0.0,0.103,0.025,0.056,0.014,0.0,0.05,0.074,0.014,0.009,0.018,0.074,0.027,0.043,0.0,0.104,0.052,0.004,0.099,0.106,0.0,0.064,0.0,0.0,0.031,0.028,0.103,0.044,0.015,0.088,0.0,0.024,0.084,0.044,0.0,0.05,0.036,0.065,0.039,1.0,0.021,0.028,0.003,0.088,0.027,0.005,0.073,0.019,0.126,0.049,0.094,0.082,0.048
Tampines Mall,0.047,0.1,0.014,0.114,0.105,0.043,0.005,0.153,0.017,0.108,0.012,0.0,0.05,0.092,0.018,0.011,0.05,0.091,0.059,0.068,0.0,0.146,0.051,0.011,0.164,0.121,0.006,0.131,0.0,0.0,0.014,0.028,0.122,0.034,0.008,0.075,0.0,0.042,0.116,0.073,0.0,0.063,0.022,0.081,0.046,0.021,1.0,0.029,0.025,0.1,0.055,0.012,0.071,0.035,0.133,0.025,0.077,0.098,0.051
The Centrepoint,0.015,0.033,0.015,0.041,0.038,0.013,0.005,0.034,0.033,0.045,0.013,0.0,0.025,0.044,0.019,0.018,0.017,0.052,0.019,0.012,0.0,0.034,0.015,0.006,0.027,0.028,0.006,0.025,0.0,0.0,0.023,0.014,0.034,0.031,0.004,0.024,0.006,0.015,0.021,0.023,0.0,0.018,0.022,0.029,0.021,0.028,0.029,1.0,0.009,0.044,0.036,0.019,0.036,0.004,0.049,0.022,0.03,0.037,0.017
The Shoppes at Marina Bay Sands,0.032,0.015,0.004,0.017,0.036,0.017,0.0,0.028,0.011,0.019,0.01,0.0,0.018,0.019,0.004,0.004,0.004,0.019,0.011,0.189,0.0,0.038,0.072,0.0,0.021,0.012,0.0,0.014,0.0,0.025,0.007,0.081,0.015,0.013,0.003,0.02,0.0,0.096,0.035,0.067,0.0,0.01,0.003,0.034,0.007,0.003,0.025,0.009,1.0,0.017,0.015,0.0,0.018,0.02,0.021,0.007,0.027,0.017,0.026
Tiong Bahru Plaza,0.055,0.173,0.039,0.167,0.09,0.039,0.005,0.164,0.102,0.13,0.025,0.006,0.056,0.067,0.03,0.035,0.069,0.201,0.062,0.039,0.005,0.14,0.068,0.016,0.178,0.156,0.006,0.216,0.006,0.004,0.034,0.024,0.18,0.034,0.008,0.128,0.0,0.042,0.081,0.062,0.006,0.108,0.056,0.068,0.063,0.088,0.1,0.044,0.017,1.0,0.077,0.024,0.115,0.022,0.192,0.043,0.086,0.223,0.042
United Square,0.041,0.045,0.039,0.076,0.038,0.034,0.0,0.063,0.052,0.072,0.028,0.007,0.027,0.06,0.044,0.058,0.047,0.078,0.036,0.029,0.006,0.06,0.03,0.019,0.083,0.053,0.007,0.069,0.0,0.0,0.025,0.011,0.061,0.049,0.0,0.064,0.007,0.047,0.054,0.038,0.007,0.084,0.004,0.043,0.061,0.027,0.055,0.036,0.015,0.077,1.0,0.03,0.048,0.03,0.075,0.044,0.046,0.079,0.033
Valley Point,0.006,0.014,0.024,0.019,0.008,0.009,0.013,0.008,0.019,0.022,0.008,0.0,0.005,0.013,0.048,0.091,0.017,0.025,0.0,0.003,0.0,0.011,0.007,0.034,0.022,0.013,0.019,0.019,0.0,0.0,0.004,0.0,0.012,0.009,0.009,0.014,0.024,0.005,0.01,0.004,0.0,0.019,0.007,0.01,0.027,0.005,0.012,0.019,0.0,0.024,0.03,1.0,0.014,0.0,0.021,0.036,0.008,0.032,0.008
Velocity@Novena Square,0.074,0.083,0.038,0.108,0.087,0.038,0.0,0.099,0.055,0.078,0.028,0.0,0.037,0.079,0.035,0.034,0.019,0.113,0.051,0.047,0.006,0.087,0.061,0.006,0.106,0.091,0.006,0.112,0.0,0.0,0.021,0.034,0.087,0.048,0.019,0.089,0.007,0.046,0.064,0.058,0.007,0.077,0.008,0.078,0.053,0.073,0.071,0.036,0.018,0.115,0.048,0.014,1.0,0.015,0.123,0.043,0.07,0.104,0.047
VivoCity,0.028,0.025,0.007,0.033,0.022,0.006,0.0,0.037,0.009,0.024,0.005,0.008,0.007,0.027,0.009,0.009,0.016,0.016,0.016,0.025,0.0,0.043,0.027,0.0,0.037,0.02,0.0,0.018,0.0,0.0,0.007,0.013,0.019,0.017,0.0,0.029,0.0,0.029,0.041,0.027,0.0,0.006,0.009,0.017,0.007,0.019,0.035,0.004,0.02,0.022,0.03,0.0,0.015,1.0,0.033,0.006,0.015,0.009,0.034
Waterway Point,0.087,0.156,0.032,0.18,0.112,0.032,0.004,0.239,0.101,0.154,0.029,0.004,0.078,0.11,0.025,0.024,0.043,0.184,0.071,0.061,0.0,0.155,0.11,0.015,0.193,0.191,0.008,0.19,0.0,0.0,0.055,0.033,0.232,0.045,0.016,0.123,0.004,0.047,0.131,0.061,0.0,0.11,0.053,0.119,0.065,0.126,0.133,0.049,0.021,0.192,0.075,0.021,0.123,0.033,1.0,0.032,0.125,0.187,0.055
West Coast Plaza,0.022,0.031,0.032,0.043,0.024,0.016,0.0,0.023,0.021,0.056,0.01,0.0,0.029,0.033,0.053,0.06,0.031,0.048,0.019,0.016,0.0,0.033,0.02,0.063,0.035,0.044,0.008,0.034,0.008,0.0,0.01,0.017,0.035,0.032,0.011,0.028,0.009,0.021,0.016,0.017,0.008,0.022,0.013,0.037,0.064,0.049,0.025,0.022,0.007,0.043,0.044,0.036,0.043,0.006,0.032,1.0,0.037,0.053,0.021
Westgate,0.061,0.067,0.033,0.109,0.08,0.043,0.007,0.102,0.066,0.073,0.018,0.004,0.064,0.074,0.015,0.019,0.022,0.071,0.031,0.065,0.004,0.023,0.061,0.011,0.116,0.107,0.0,0.084,0.004,0.006,0.036,0.029,0.137,0.046,0.012,0.076,0.004,0.035,0.105,0.068,0.004,0.078,0.024,0.084,0.031,0.094,0.077,0.03,0.027,0.086,0.046,0.008,0.07,0.015,0.125,0.037,1.0,0.087,0.039
White Sands,0.068,0.161,0.061,0.162,0.079,0.035,0.005,0.174,0.116,0.11,0.021,0.006,0.074,0.091,0.025,0.03,0.09,0.242,0.06,0.04,0.006,0.129,0.069,0.028,0.159,0.16,0.006,0.21,0.006,0.0,0.044,0.025,0.185,0.048,0.004,0.108,0.006,0.046,0.082,0.058,0.006,0.138,0.045,0.077,0.088,0.082,0.098,0.037,0.017,0.223,0.079,0.032,0.104,0.009,0.187,0.053,0.087,1.0,0.048
Wisma Atria,0.072,0.038,0.018,0.046,0.076,0.049,0.0,0.053,0.034,0.044,0.026,0.0,0.011,0.039,0.008,0.016,0.015,0.031,0.028,0.033,0.007,0.057,0.062,0.007,0.067,0.037,0.0,0.047,0.008,0.0,0.026,0.012,0.046,0.021,0.0,0.039,0.008,0.035,0.051,0.05,0.008,0.016,0.036,0.047,0.02,0.048,0.051,0.017,0.026,0.042,0.033,0.008,0.047,0.034,0.055,0.021,0.039,0.048,1.0
